tarih;gün;seri;ders;başlık;kanca;kitle;şablon;hassas;kesinlik;mevsim;ruh hali;ışık;gün batımı;gün türü;IG saat;TikTok saat;YT saat;IG etiket;TikTok etiket;YT etiket;YKS kalan;LGS kalan
2026-09-19;Cmt;Özel Gün;;İlk deneme bir harita;İlk denemen not değil. Harita.;öğrenci;tek-cumle;;kesin;Yeni başlangıç;Heves yüksek, plan kaygısı var. Düzen kurma zamanı.;gün batımı 18:43;18:43;cumartesi;13:00;14:30;12:30;#yks2027 #yks #motivasyon #eğitim #eğitimkoçluğu;#yks2027 #yks #motivasyon #eğitim #keşfet;#yks2027 #motivasyon #Shorts;273;267
2026-09-20;Paz;Pazar Akşamı;;Pazar akşamı ağırlığı;Pazar akşamı içinde bir ağırlık mı var? Yalnız değilsin.;öğrenci;tek-cumle;;kesin;Yeni başlangıç;Heves yüksek, plan kaygısı var. Düzen kurma zamanı.;gün batımı 18:42;18:42;pazar;20:00;21:00;19:00;#yks2027 #yks #motivasyon #sınavkaygısı #eğitimkoçluğu;#yks2027 #yks #motivasyon #sınavkaygısı #keşfet;#yks2027 #motivasyon #Shorts;272;266
2026-09-21;Pzt;Haftanın Planı;;Haftayı üç işle başlat;Bu hafta her şeyi yapmayacaksın. Üç şeyi yapacaksın.;öğrenci;kart-liste;;kesin;Yeni başlangıç;Heves yüksek, plan kaygısı var. Düzen kurma zamanı.;gün batımı 18:40;18:40;okul;20:30;21:30;19:30;#yks2027 #yks #verimliçalışma #çalışmaplanı #eğitimkoçluğu;#yks2027 #yks #verimliçalışma #çalışmaplanı #keşfet;#yks2027 #verimliçalışma #Shorts;271;265
2026-09-22;Sal;Ders Taktiği;TYT Türkçe;Paragrafta önce soru kökü;Paragrafı okumadan önce soruyu oku. 20 saniye kazanırsın.;öğrenci;soru-cozum;;kesin;Yeni başlangıç;Heves yüksek, plan kaygısı var. Düzen kurma zamanı.;gün batımı 18:39;18:39;okul;20:30;21:30;19:30;#yks2027 #yks #türkçe #derstaktikleri #eğitimkoçluğu;#yks2027 #yks #türkçe #derstaktikleri #keşfet;#yks2027 #türkçe #Shorts;270;264
2026-09-23;Çar;Aynı Hafta;;Mezun yılı;Geçen yıl kazanamadım. Bu yıl da olmazsa?;öğrenci;yazisma;;kesin;Yeni başlangıç;Heves yüksek, plan kaygısı var. Düzen kurma zamanı.;gün batımı 18:37;18:37;okul;20:30;21:30;19:30;#yks2027 #yks #sınavstresi #yksmotivasyon #eğitimkoçluğu;#yks2027 #yks #sınavstresi #yksmotivasyon #keşfet;#yks2027 #sınavstresi #Shorts;269;263
2026-09-24;Per;Veli Köşesi;;LGS velisi;8. sınıf velisi: LGS yılında en sık yapılan 3 hata.;veli;kart-veli;;kesin;Yeni başlangıç;Heves yüksek, plan kaygısı var. Düzen kurma zamanı.;gün batımı 18:36;18:36;veli;21:00;20:30;20:00;#yks2027 #lgs #sınavyılı #mersin #eğitimkoçluğu;#yks2027 #lgs #sınavyılı #mersin #keşfet;#yks2027 #sınavyılı #Shorts;268;262
2026-09-25;Cum;Doğru Bilinen Yanlışlar;;11. sınıf erken;‘Daha 11. sınıftayım.’ En ucuz yıl şimdi.;öğrenci;efsane-gercek;;kesin;Yeni başlangıç;Heves yüksek, plan kaygısı var. Düzen kurma zamanı.;gün batımı 18:34;18:34;okul;20:30;21:30;19:30;#yks2027 #yks #doğrubilinenyanlışlar #çalışmayöntemleri #eğitimkoçluğu;#yks2027 #yks #doğrubilinenyanlışlar #çalışmayöntemleri #keşfet;#yks2027 #doğrubilinenyanlışlar #Shorts;267;261
2026-09-26;Cmt;Deneme Günü;;İlk deneme;İlk deneme bir harita. Not değil.;öğrenci;kart-liste;;kesin;Yeni başlangıç;Heves yüksek, plan kaygısı var. Düzen kurma zamanı.;gün batımı 18:33;18:33;cumartesi;13:00;14:30;12:30;#yks2027 #yks #netartırma #tytdeneme #eğitimkoçluğu;#yks2027 #yks #netartırma #tytdeneme #keşfet;#yks2027 #netartırma #Shorts;266;260
2026-09-27;Paz;Pazar Akşamı;;Haftayı kapat;Bu haftanın tek iyi şeyini yaz. Bir tane yeter.;öğrenci;tek-cumle;;kesin;Yeni başlangıç;Heves yüksek, plan kaygısı var. Düzen kurma zamanı.;gün batımı 18:31;18:31;pazar;20:00;21:00;19:00;#yks2027 #yks #sınavkaygısı #pazarakşamı #eğitimkoçluğu;#yks2027 #yks #sınavkaygısı #pazarakşamı #keşfet;#yks2027 #sınavkaygısı #Shorts;265;259
2026-09-28;Pzt;Haftanın Planı;;Plan kâğıtta değil, takvimde;Yazdığın plan değil, saat verdiğin plan çalışır.;öğrenci;kart-liste;;kesin;Yeni başlangıç;Heves yüksek, plan kaygısı var. Düzen kurma zamanı.;gün batımı 18:30;18:30;okul;20:30;21:30;19:30;#yks2027 #yks #çalışmaplanı #planlıçalışma #eğitimkoçluğu;#yks2027 #yks #çalışmaplanı #planlıçalışma #keşfet;#yks2027 #çalışmaplanı #Shorts;264;258
2026-09-29;Sal;Ders Taktiği;TYT Matematik;Problemlerde tabloyu çiz;Yaş problemi mi? Önce tablo. Sonra denklem.;öğrenci;soru-cozum;;kesin;Yeni başlangıç;Heves yüksek, plan kaygısı var. Düzen kurma zamanı.;gün batımı 18:28;18:28;okul;20:30;21:30;19:30;#yks2027 #yks #matematik #tytkampı #eğitimkoçluğu;#yks2027 #yks #matematik #tytkampı #keşfet;#yks2027 #matematik #Shorts;263;257
2026-09-30;Çar;Aynı Hafta;;Yeni başlıyorum;11. sınıfım, şimdi başlamak erken mi?;öğrenci;yazisma;;kesin;Yeni başlangıç;Heves yüksek, plan kaygısı var. Düzen kurma zamanı.;gün batımı 18:27;18:27;okul;20:30;21:30;19:30;#yks2027 #yks #yksmotivasyon #sınavkaygısı #eğitimkoçluğu;#yks2027 #yks #yksmotivasyon #sınavkaygısı #keşfet;#yks2027 #yksmotivasyon #Shorts;262;256
2026-10-01;Per;Veli Köşesi;;Mezun öğrenci;Mezun yılında evde kalan gencin günü nasıl geçmeli?;veli;kart-veli;;kesin;Ritim;İlk deneme şoku, ritim oturuyor. Günler kısalmaya başladı.;gün batımı 18:25;18:25;veli;21:00;20:30;20:00;#yks2027 #lgs #ebeveyn #mersin #eğitimkoçluğu;#yks2027 #lgs #ebeveyn #mersin #keşfet;#yks2027 #ebeveyn #Shorts;261;255
2026-10-02;Cum;Doğru Bilinen Yanlışlar;;Son sınıfta her şey biter;Son sınıf başlangıç değil, devam.;öğrenci;efsane-gercek;;kesin;Ritim;İlk deneme şoku, ritim oturuyor. Günler kısalmaya başladı.;gün batımı 18:24;18:24;okul;20:30;21:30;19:30;#yks2027 #yks #çalışmayöntemleri #bilgi #eğitimkoçluğu;#yks2027 #yks #çalışmayöntemleri #bilgi #keşfet;#yks2027 #çalışmayöntemleri #Shorts;260;254
2026-10-03;Cmt;Deneme Günü;;Deneme sabahı rutini;Deneme sabahı: aynı kahvaltı, aynı saat, aynı kalem.;öğrenci;kart-liste;;kesin;Ritim;İlk deneme şoku, ritim oturuyor. Günler kısalmaya başladı.;gün batımı 18:22;18:22;cumartesi;13:00;14:30;12:30;#yks2027 #yks #tytdeneme #denemeanalizi #eğitimkoçluğu;#yks2027 #yks #tytdeneme #denemeanalizi #keşfet;#yks2027 #tytdeneme #Shorts;259;253
2026-10-04;Paz;Pazar Akşamı;;Mevsim değişimi;Hava değişti, ruh halin de değişebilir. Normal.;öğrenci;tek-cumle;;kesin;Ritim;İlk deneme şoku, ritim oturuyor. Günler kısalmaya başladı.;gün batımı 18:21;18:21;pazar;20:00;21:00;19:00;#yks2027 #yks #pazarakşamı #yksmotivasyon #eğitimkoçluğu;#yks2027 #yks #pazarakşamı #yksmotivasyon #keşfet;#yks2027 #pazarakşamı #Shorts;258;252
2026-10-05;Pzt;Haftanın Planı;;Okul yoğun haftası;Yazılı haftası: YKS planı durmaz, küçülür.;öğrenci;kart-liste;;kesin;Ritim;İlk deneme şoku, ritim oturuyor. Günler kısalmaya başladı.;gün batımı 18:19;18:19;okul;20:30;21:30;19:30;#yks2027 #yks #planlıçalışma #zamanyönetimi #eğitimkoçluğu;#yks2027 #yks #planlıçalışma #zamanyönetimi #keşfet;#yks2027 #planlıçalışma #Shorts;257;251
2026-10-06;Sal;Ders Taktiği;Geometri;Açıyı çizime yaz;Soruda verilen her açıyı çizimin üstüne yaz. Yarısı çözülür.;öğrenci;soru-cozum;;kesin;Ritim;İlk deneme şoku, ritim oturuyor. Günler kısalmaya başladı.;gün batımı 18:18;18:18;okul;20:30;21:30;19:30;#yks2027 #yks #geometri #konuanlatımı #eğitimkoçluğu;#yks2027 #yks #geometri #konuanlatımı #keşfet;#yks2027 #geometri #Shorts;256;250
2026-10-07;Çar;Aynı Hafta;;Okul yetişmiyor;Okulun yazılıları var, YKS'ye vakit kalmıyor.;öğrenci;yazisma;;kesin;Ritim;İlk deneme şoku, ritim oturuyor. Günler kısalmaya başladı.;gün batımı 18:16;18:16;okul;20:30;21:30;19:30;#yks2027 #yks #sınavkaygısı #öğrenci #eğitimkoçluğu;#yks2027 #yks #sınavkaygısı #öğrenci #keşfet;#yks2027 #sınavkaygısı #Shorts;255;249
2026-10-08;Per;Veli Köşesi;;Yazılı haftası;Okul yazılısı ile YKS çakışınca öncelik ne?;veli;kart-veli;;kesin;Ritim;İlk deneme şoku, ritim oturuyor. Günler kısalmaya başladı.;gün batımı 18:15;18:15;veli;21:00;20:30;20:00;#yks2027 #lgs #anneyiz #mersin #eğitimkoçluğu;#yks2027 #lgs #anneyiz #mersin #keşfet;#yks2027 #anneyiz #Shorts;254;248
2026-10-09;Cum;Doğru Bilinen Yanlışlar;;Çok saat = çok net;‘Günde 12 saat çalışan kazanır.’ Yanlış.;öğrenci;efsane-gercek;;kesin;Ritim;İlk deneme şoku, ritim oturuyor. Günler kısalmaya başladı.;gün batımı 18:13;18:13;okul;20:30;21:30;19:30;#yks2027 #yks #bilgi #verimliçalışma #eğitimkoçluğu;#yks2027 #yks #bilgi #verimliçalışma #keşfet;#yks2027 #bilgi #Shorts;253;247
2026-10-10;Cmt;Özel Gün;;Dünya Ruh Sağlığı Günü;Sınav kaygısı zayıflık değil. Konuşulur.;herkes;tek-cumle;;kesin;Ritim;İlk deneme şoku, ritim oturuyor. Günler kısalmaya başladı.;gün batımı 18:12;18:12;cumartesi;13:00;14:30;12:30;#yks2027 #yks #yks #motivasyon #eğitimkoçluğu;#yks2027 #yks #yks #motivasyon #keşfet;#yks2027 #yks #Shorts;252;246
2026-10-11;Paz;Pazar Akşamı;;Kendine koç ol;Kendine bir arkadaşına konuşur gibi konuş.;öğrenci;tek-cumle;;kesin;Ritim;İlk deneme şoku, ritim oturuyor. Günler kısalmaya başladı.;gün batımı 18:10;18:10;pazar;20:00;21:00;19:00;#yks2027 #yks #yksmotivasyon #psikoloji #eğitimkoçluğu;#yks2027 #yks #yksmotivasyon #psikoloji #keşfet;#yks2027 #yksmotivasyon #Shorts;251;245
2026-10-12;Pzt;Haftanın Planı;;Pazartesi sendromu;Pazartesi zor değil. Pazar akşamı plan yapmamak zor.;öğrenci;kart-liste;;kesin;Ritim;İlk deneme şoku, ritim oturuyor. Günler kısalmaya başladı.;gün batımı 18:09;18:09;okul;20:30;21:30;19:30;#yks2027 #yks #zamanyönetimi #dersprogramı #eğitimkoçluğu;#yks2027 #yks #zamanyönetimi #dersprogramı #keşfet;#yks2027 #zamanyönetimi #Shorts;250;244
2026-10-13;Sal;Ders Taktiği;Fizik;Birimle kontrol et;Cevabın birimi tutmuyorsa, cevap da tutmuyor.;öğrenci;soru-cozum;;kesin;Ritim;İlk deneme şoku, ritim oturuyor. Günler kısalmaya başladı.;gün batımı 18:08;18:08;okul;20:30;21:30;19:30;#yks2027 #yks #fizik #sorubankası #eğitimkoçluğu;#yks2027 #yks #fizik #sorubankası #keşfet;#yks2027 #fizik #Shorts;249;243
2026-10-14;Çar;Aynı Hafta;;Dün hiç çalışmadım;Hocam dün hiç çalışmadım. Bugün iki katı mı yapayım?;öğrenci;yazisma;;kesin;Ritim;İlk deneme şoku, ritim oturuyor. Günler kısalmaya başladı.;gün batımı 18:06;18:06;okul;20:30;21:30;19:30;#yks2027 #yks #öğrenci #öğrencihayatı #eğitimkoçluğu;#yks2027 #yks #öğrenci #öğrencihayatı #keşfet;#yks2027 #öğrenci #Shorts;248;242
2026-10-15;Per;Veli Köşesi;;Kaç soru çözdün diye sormayın;Her akşam ‘kaç soru?’ diye sormak yerine şunu sorun.;veli;kart-veli;;kesin;Ritim;İlk deneme şoku, ritim oturuyor. Günler kısalmaya başladı.;gün batımı 18:05;18:05;veli;21:00;20:30;20:00;#yks2027 #lgs #velirehberi #mersin #eğitimkoçluğu;#yks2027 #lgs #velirehberi #mersin #keşfet;#yks2027 #velirehberi #Shorts;247;241
2026-10-16;Cum;Doğru Bilinen Yanlışlar;;Deneme her gün çözülür;‘Her gün deneme çöz.’ Yanlış.;öğrenci;efsane-gercek;;kesin;Ritim;İlk deneme şoku, ritim oturuyor. Günler kısalmaya başladı.;gün batımı 18:03;18:03;okul;20:30;21:30;19:30;#yks2027 #yks #verimliçalışma #dersçalışma #eğitimkoçluğu;#yks2027 #yks #verimliçalışma #dersçalışma #keşfet;#yks2027 #verimliçalışma #Shorts;246;240
2026-10-17;Cmt;Deneme Günü;;Soru sırası stratejisi;Türkçe'den mi başlarsın matematikten mi? Seç ve sabitle.;öğrenci;kart-liste;;kesin;Ritim;İlk deneme şoku, ritim oturuyor. Günler kısalmaya başladı.;gün batımı 18:02;18:02;cumartesi;13:00;14:30;12:30;#yks2027 #yks #türkiyegenelideneme #denemesınavı #eğitimkoçluğu;#yks2027 #yks #türkiyegenelideneme #denemesınavı #keşfet;#yks2027 #türkiyegenelideneme #Shorts;245;239
2026-10-18;Paz;Pazar Akşamı;;Yetmiyorum hissi;‘Yetmiyorum’ bir his. Gerçek değil.;öğrenci;tek-cumle;;kesin;Ritim;İlk deneme şoku, ritim oturuyor. Günler kısalmaya başladı.;gün batımı 18:01;18:01;pazar;20:00;21:00;19:00;#yks2027 #yks #psikoloji #motivasyon #eğitimkoçluğu;#yks2027 #yks #psikoloji #motivasyon #keşfet;#yks2027 #psikoloji #Shorts;244;238
2026-10-19;Pzt;Haftanın Planı;;En zor dersi sabaha koy;Enerjin en yüksekken en çok kaçtığın dersi çöz.;öğrenci;kart-liste;;kesin;Ritim;İlk deneme şoku, ritim oturuyor. Günler kısalmaya başladı.;gün batımı 18:00;18:00;okul;20:30;21:30;19:30;#yks2027 #yks #dersprogramı #verimliçalışma #eğitimkoçluğu;#yks2027 #yks #dersprogramı #verimliçalışma #keşfet;#yks2027 #dersprogramı #Shorts;243;237
2026-10-20;Sal;Ders Taktiği;Kimya;Mol köprüsü;Kimyada her şey mole çıkar, molden iner.;öğrenci;soru-cozum;;kesin;Ritim;İlk deneme şoku, ritim oturuyor. Günler kısalmaya başladı.;gün batımı 17:58;17:58;okul;20:30;21:30;19:30;#yks2027 #yks #kimya #soruçözümü #eğitimkoçluğu;#yks2027 #yks #kimya #soruçözümü #keşfet;#yks2027 #kimya #Shorts;242;236
2026-10-21;Çar;Aynı Hafta;;Denemede düştüm;Hocam denemede 8 net düştüm. Her şey boşa mı gitti?;öğrenci;yazisma;;kesin;Ritim;İlk deneme şoku, ritim oturuyor. Günler kısalmaya başladı.;gün batımı 17:57;17:57;okul;20:30;21:30;19:30;#yks2027 #yks #öğrencihayatı #sınavstresi #eğitimkoçluğu;#yks2027 #yks #öğrencihayatı #sınavstresi #keşfet;#yks2027 #öğrencihayatı #Shorts;241;235
2026-10-22;Per;Veli Köşesi;;Deneme sonucu geldiğinde;Çocuğunuzun deneme sonucu kötü geldi. İlk cümleniz ne olacak?;veli;kart-veli;;kesin;Ritim;İlk deneme şoku, ritim oturuyor. Günler kısalmaya başladı.;gün batımı 17:56;17:56;veli;21:00;20:30;20:00;#yks2027 #lgs #veli #mersin #eğitimkoçluğu;#yks2027 #lgs #veli #mersin #keşfet;#yks2027 #veli #Shorts;240;234
2026-10-23;Cum;Doğru Bilinen Yanlışlar;;Müzikle çalışılmaz;‘Müzikle çalışılmaz.’ Yarı yanlış.;öğrenci;efsane-gercek;;kesin;Ritim;İlk deneme şoku, ritim oturuyor. Günler kısalmaya başladı.;gün batımı 17:54;17:54;okul;20:30;21:30;19:30;#yks2027 #yks #dersçalışma #doğrubilinenyanlışlar #eğitimkoçluğu;#yks2027 #yks #dersçalışma #doğrubilinenyanlışlar #keşfet;#yks2027 #dersçalışma #Shorts;239;233
2026-10-24;Cmt;Deneme Günü;;İlk tur ikinci tur;İlk turda emin olduklarını çöz. İkinci turda dön.;öğrenci;kart-liste;;kesin;Ritim;İlk deneme şoku, ritim oturuyor. Günler kısalmaya başladı.;gün batımı 17:53;17:53;cumartesi;13:00;14:30;12:30;#yks2027 #yks #denemesınavı #netartırma #eğitimkoçluğu;#yks2027 #yks #denemesınavı #netartırma #keşfet;#yks2027 #denemesınavı #Shorts;238;232
2026-10-25;Paz;Pazar Akşamı;;Yarın yeni hafta;Yarın sıfırdan değil, kaldığın yerden.;öğrenci;tek-cumle;;kesin;Ritim;İlk deneme şoku, ritim oturuyor. Günler kısalmaya başladı.;gün batımı 17:52;17:52;pazar;20:00;21:00;19:00;#yks2027 #yks #motivasyon #sınavkaygısı #eğitimkoçluğu;#yks2027 #yks #motivasyon #sınavkaygısı #keşfet;#yks2027 #motivasyon #Shorts;237;231
2026-10-26;Pzt;Haftanın Planı;;25 dakikalık blok;2 saat oturmak yerine 4 kere 25 dakika dene.;öğrenci;kart-liste;;kesin;Ritim;İlk deneme şoku, ritim oturuyor. Günler kısalmaya başladı.;gün batımı 17:51;17:51;okul;20:30;21:30;19:30;#yks2027 #yks #verimliçalışma #çalışmaplanı #eğitimkoçluğu;#yks2027 #yks #verimliçalışma #çalışmaplanı #keşfet;#yks2027 #verimliçalışma #Shorts;236;230
2026-10-27;Sal;Ders Taktiği;Biyoloji;Şemayla çalış;Biyolojiyi oku değil, çiz. Hücre bölünmesini 3 kere çiz.;öğrenci;soru-cozum;;kesin;Ritim;İlk deneme şoku, ritim oturuyor. Günler kısalmaya başladı.;gün batımı 17:50;17:50;okul;20:30;21:30;19:30;#yks2027 #yks #biyoloji #derstaktikleri #eğitimkoçluğu;#yks2027 #yks #biyoloji #derstaktikleri #keşfet;#yks2027 #biyoloji #Shorts;235;229
2026-10-28;Çar;Aynı Hafta;;Arkadaşım benden iyi;Sınıfta herkes benden çok çalışıyor gibi.;öğrenci;yazisma;;kesin;Ritim;İlk deneme şoku, ritim oturuyor. Günler kısalmaya başladı.;gün batımı 17:48;17:48;okul;20:30;21:30;19:30;#yks2027 #yks #sınavstresi #yksmotivasyon #eğitimkoçluğu;#yks2027 #yks #sınavstresi #yksmotivasyon #keşfet;#yks2027 #sınavstresi #Shorts;234;228
2026-10-29;Per;Özel Gün;;Cumhuriyet Bayramı;Cumhuriyetimizin 103. yılı kutlu olsun.;herkes;tek-cumle;;kesin;Ritim;İlk deneme şoku, ritim oturuyor. Günler kısalmaya başladı.;gün batımı 17:47;17:47;tatil;21:30;22:30;20:30;#yks2027 #yks #öğrenci #mersin #eğitimkoçluğu;#yks2027 #yks #öğrenci #mersin #keşfet;#yks2027 #öğrenci #Shorts;233;227
2026-10-30;Cum;Doğru Bilinen Yanlışlar;;Gece çalışmak verimli;‘Gece daha iyi odaklanıyorum.’ Çoğu zaman yanılsama.;öğrenci;efsane-gercek;;kesin;Ritim;İlk deneme şoku, ritim oturuyor. Günler kısalmaya başladı.;gün batımı 17:46;17:46;okul;20:30;21:30;19:30;#yks2027 #yks #doğrubilinenyanlışlar #çalışmayöntemleri #eğitimkoçluğu;#yks2027 #yks #doğrubilinenyanlışlar #çalışmayöntemleri #keşfet;#yks2027 #doğrubilinenyanlışlar #Shorts;232;226
2026-10-31;Cmt;Deneme Günü;;Deneme analizi 20 dakika;Deneme bitti. En önemli 20 dakika şimdi başlıyor.;öğrenci;kart-liste;;kesin;Ritim;İlk deneme şoku, ritim oturuyor. Günler kısalmaya başladı.;gün batımı 17:45;17:45;cumartesi;13:00;14:30;12:30;#yks2027 #yks #netartırma #tytdeneme #eğitimkoçluğu;#yks2027 #yks #netartırma #tytdeneme #keşfet;#yks2027 #netartırma #Shorts;231;225
2026-11-01;Paz;Pazar Akşamı;;Işık ve ruh hali;Kış akşamları erken karanlık. Masaya iyi bir lamba koy.;öğrenci;tek-cumle;;kesin;Kasım düşüşü;Karanlık erken, ilk yorgunluk. Ara tatil nefes aldırır.;gün batımı 17:44;17:44;pazar;20:00;21:00;19:00;#yks2027 #yks #sınavkaygısı #pazarakşamı #eğitimkoçluğu;#yks2027 #yks #sınavkaygısı #pazarakşamı #keşfet;#yks2027 #sınavkaygısı #Shorts;230;224
2026-11-02;Pzt;Haftanın Planı;;Tatil sonrası dönüş;Tatilden sonra ilk hafta yarım hız. Bilerek.;öğrenci;kart-liste;;kesin;Kasım düşüşü;Karanlık erken, ilk yorgunluk. Ara tatil nefes aldırır.;gün batımı 17:43;17:43;okul;20:30;21:30;19:30;#yks2027 #yks #çalışmaplanı #planlıçalışma #eğitimkoçluğu;#yks2027 #yks #çalışmaplanı #planlıçalışma #keşfet;#yks2027 #çalışmaplanı #Shorts;229;223
2026-11-03;Sal;Ders Taktiği;Tarih;Zaman çizelgesi;Tarihi olay olarak değil, sıra olarak ezberle.;öğrenci;soru-cozum;;kesin;Kasım düşüşü;Karanlık erken, ilk yorgunluk. Ara tatil nefes aldırır.;gün batımı 17:42;17:42;okul;20:30;21:30;19:30;#yks2027 #yks #tarih #tytkampı #eğitimkoçluğu;#yks2027 #yks #tarih #tytkampı #keşfet;#yks2027 #tarih #Shorts;228;222
2026-11-04;Çar;Aynı Hafta;;Ara tatil bitti;Ara tatilde planladığımın yarısını yaptım.;öğrenci;yazisma;;kesin;Kasım düşüşü;Karanlık erken, ilk yorgunluk. Ara tatil nefes aldırır.;gün batımı 17:41;17:41;okul;20:30;21:30;19:30;#yks2027 #yks #yksmotivasyon #sınavkaygısı #eğitimkoçluğu;#yks2027 #yks #yksmotivasyon #sınavkaygısı #keşfet;#yks2027 #yksmotivasyon #Shorts;227;221
2026-11-05;Per;Veli Köşesi;;Ara tatil;Ara tatilde çocuğa ‘tatil’ yaşatmalı mı?;veli;kart-veli;;kesin;Kasım düşüşü;Karanlık erken, ilk yorgunluk. Ara tatil nefes aldırır.;gün batımı 17:40;17:40;veli;21:00;20:30;20:00;#yks2027 #lgs #ebeveyn #mersin #eğitimkoçluğu;#yks2027 #lgs #ebeveyn #mersin #keşfet;#yks2027 #ebeveyn #Shorts;226;220
2026-11-06;Cum;Doğru Bilinen Yanlışlar;;Kış tembel yapar;Kış tembel yapmaz, karanlık yorar. Işığı aç.;öğrenci;efsane-gercek;;kesin;Kasım düşüşü;Karanlık erken, ilk yorgunluk. Ara tatil nefes aldırır.;gün batımı 17:39;17:39;okul;20:30;21:30;19:30;#yks2027 #yks #çalışmayöntemleri #bilgi #eğitimkoçluğu;#yks2027 #yks #çalışmayöntemleri #bilgi #keşfet;#yks2027 #çalışmayöntemleri #Shorts;225;219
2026-11-07;Cmt;Deneme Günü;;Yanlış defteri;Her denemeden 5 yanlış deftere. Başka hiçbir şey.;öğrenci;kart-liste;;kesin;Kasım düşüşü;Karanlık erken, ilk yorgunluk. Ara tatil nefes aldırır.;gün batımı 17:38;17:38;cumartesi;13:00;14:30;12:30;#yks2027 #yks #tytdeneme #denemeanalizi #eğitimkoçluğu;#yks2027 #yks #tytdeneme #denemeanalizi #keşfet;#yks2027 #tytdeneme #Shorts;224;218
2026-11-08;Paz;Pazar Akşamı;;Kaygıyla yaşamak;Kaygı gitmeyecek. Seninle birlikte çalışacak.;öğrenci;tek-cumle;;kesin;Kasım düşüşü;Karanlık erken, ilk yorgunluk. Ara tatil nefes aldırır.;gün batımı 17:37;17:37;pazar;20:00;21:00;19:00;#yks2027 #yks #pazarakşamı #yksmotivasyon #eğitimkoçluğu;#yks2027 #yks #pazarakşamı #yksmotivasyon #keşfet;#yks2027 #pazarakşamı #Shorts;223;217
2026-11-09;Pzt;Haftanın Planı;;Kış saatleri;Hava 17:30'da kararıyor. Planı ışığa göre kur.;öğrenci;kart-liste;;kesin;Kasım düşüşü;Karanlık erken, ilk yorgunluk. Ara tatil nefes aldırır.;gün batımı 17:36;17:36;okul;20:30;21:30;19:30;#yks2027 #yks #planlıçalışma #zamanyönetimi #eğitimkoçluğu;#yks2027 #yks #planlıçalışma #zamanyönetimi #keşfet;#yks2027 #planlıçalışma #Shorts;222;216
2026-11-10;Sal;Özel Gün;;10 Kasım;Saygı ve rahmetle anıyoruz.;herkes;sade-kart;evet;kesin;Kasım düşüşü;Karanlık erken, ilk yorgunluk. Ara tatil nefes aldırır.;gün batımı 17:36;17:36;okul;09:05;09:05;09:05;;;;221;215
2026-11-11;Çar;Aynı Hafta;;Kış karanlığı;Hava erken kararınca hiç çalışasım gelmiyor.;öğrenci;yazisma;;kesin;Kasım düşüşü;Karanlık erken, ilk yorgunluk. Ara tatil nefes aldırır.;gün batımı 17:35;17:35;okul;20:30;21:30;19:30;#yks2027 #yks #sınavkaygısı #öğrenci #eğitimkoçluğu;#yks2027 #yks #sınavkaygısı #öğrenci #keşfet;#yks2027 #sınavkaygısı #Shorts;220;214
2026-11-12;Per;Veli Köşesi;;Kıyaslama;‘Kuzenin yapıyor’ cümlesi hiçbir çocuğa net kazandırmadı.;veli;kart-veli;;kesin;Kasım düşüşü;Karanlık erken, ilk yorgunluk. Ara tatil nefes aldırır.;gün batımı 17:34;17:34;veli;21:00;20:30;20:00;#yks2027 #lgs #anneyiz #mersin #eğitimkoçluğu;#yks2027 #lgs #anneyiz #mersin #keşfet;#yks2027 #anneyiz #Shorts;219;213
2026-11-13;Cum;Özel Gün;;Ara tatil planı;9 günlük ara tatil: 3 gün dinlen, 6 gün telafi.;öğrenci;tek-cumle;;kesin;Kasım düşüşü;Karanlık erken, ilk yorgunluk. Ara tatil nefes aldırır.;gün batımı 17:33;17:33;okul;20:30;21:30;19:30;#yks2027 #yks #motivasyon #eğitim #eğitimkoçluğu;#yks2027 #yks #motivasyon #eğitim #keşfet;#yks2027 #motivasyon #Shorts;218;212
2026-11-14;Cmt;Deneme Günü;;Boş bırakma kararı;Boş mu bırakayım, tahmin mi? İki şıkka indiysen işaretle.;öğrenci;kart-liste;;kesin;Kasım düşüşü;Karanlık erken, ilk yorgunluk. Ara tatil nefes aldırır.;gün batımı 17:32;17:32;tatil;21:30;22:30;20:30;#yks2027 #yks #denemeanalizi #türkiyegenelideneme #eğitimkoçluğu;#yks2027 #yks #denemeanalizi #türkiyegenelideneme #keşfet;#yks2027 #denemeanalizi #Shorts;217;211
2026-11-15;Paz;Pazar Akşamı;;Küçük zaferler;Bu hafta bir soruyu ilk kez yaptın mı? Bu bir zafer.;öğrenci;tek-cumle;;kesin;Kasım düşüşü;Karanlık erken, ilk yorgunluk. Ara tatil nefes aldırır.;gün batımı 17:32;17:32;tatil;21:30;22:30;20:30;#yks2027 #yks #yksmotivasyon #psikoloji #eğitimkoçluğu;#yks2027 #yks #yksmotivasyon #psikoloji #keşfet;#yks2027 #yksmotivasyon #Shorts;216;210
2026-11-16;Pzt;Haftanın Planı;;Boş gün planla;Haftada bir gün boş bırakmayan, iki gün boşa gider.;öğrenci;kart-liste;;kesin;Kasım düşüşü;Karanlık erken, ilk yorgunluk. Ara tatil nefes aldırır.;gün batımı 17:31;17:31;tatil;21:30;22:30;20:30;#yks2027 #yks #zamanyönetimi #dersprogramı #eğitimkoçluğu;#yks2027 #yks #zamanyönetimi #dersprogramı #keşfet;#yks2027 #zamanyönetimi #Shorts;215;209
2026-11-17;Sal;Ders Taktiği;Coğrafya;Harita üstünde çalış;Coğrafya sorusu haritada doğar. Atlası aç.;öğrenci;soru-cozum;;kesin;Kasım düşüşü;Karanlık erken, ilk yorgunluk. Ara tatil nefes aldırır.;gün batımı 17:30;17:30;tatil;21:30;22:30;20:30;#yks2027 #yks #coğrafya #sorubankası #eğitimkoçluğu;#yks2027 #yks #coğrafya #sorubankası #keşfet;#yks2027 #coğrafya #Shorts;214;208
2026-11-18;Çar;Aynı Hafta;;Uyuyamıyorum;Gece 2'ye kadar uyuyamıyorum, sabah kalkamıyorum.;öğrenci;yazisma;;kesin;Kasım düşüşü;Karanlık erken, ilk yorgunluk. Ara tatil nefes aldırır.;gün batımı 17:30;17:30;tatil;21:30;22:30;20:30;#yks2027 #yks #öğrenci #öğrencihayatı #eğitimkoçluğu;#yks2027 #yks #öğrenci #öğrencihayatı #keşfet;#yks2027 #öğrenci #Shorts;213;207
2026-11-19;Per;Veli Köşesi;;Uyku düzeni;Gece 2'de ışığı yanan çocuğa kızmadan önce bunu okuyun.;veli;kart-veli;;kesin;Kasım düşüşü;Karanlık erken, ilk yorgunluk. Ara tatil nefes aldırır.;karanlık erken (17:29);17:29;veli;21:00;20:30;20:00;#yks2027 #lgs #velirehberi #mersin #eğitimkoçluğu;#yks2027 #lgs #velirehberi #mersin #keşfet;#yks2027 #velirehberi #Shorts;212;206
2026-11-20;Cum;Doğru Bilinen Yanlışlar;;Konu anlatımı izlemek çalışmaktır;Video izlemek çalışmak değil. İzlediğini çözmek çalışmak.;öğrenci;efsane-gercek;;kesin;Kasım düşüşü;Karanlık erken, ilk yorgunluk. Ara tatil nefes aldırır.;karanlık erken (17:29);17:29;tatil;21:30;22:30;20:30;#yks2027 #yks #verimliçalışma #dersçalışma #eğitimkoçluğu;#yks2027 #yks #verimliçalışma #dersçalışma #keşfet;#yks2027 #verimliçalışma #Shorts;211;205
2026-11-21;Cmt;Deneme Günü;;Süre yönetimi;Matematikte 2 dakikayı geçen soruya işaret koy, geç.;öğrenci;kart-liste;;kesin;Kasım düşüşü;Karanlık erken, ilk yorgunluk. Ara tatil nefes aldırır.;karanlık erken (17:28);17:28;tatil;21:30;22:30;20:30;#yks2027 #yks #türkiyegenelideneme #denemesınavı #eğitimkoçluğu;#yks2027 #yks #türkiyegenelideneme #denemesınavı #keşfet;#yks2027 #türkiyegenelideneme #Shorts;210;204
2026-11-22;Paz;Pazar Akşamı;;Mükemmel hafta yok;Mükemmel hafta yok. İyi yeter.;öğrenci;tek-cumle;;kesin;Kasım düşüşü;Karanlık erken, ilk yorgunluk. Ara tatil nefes aldırır.;karanlık erken (17:28);17:28;tatil;21:30;22:30;20:30;#yks2027 #yks #psikoloji #motivasyon #eğitimkoçluğu;#yks2027 #yks #psikoloji #motivasyon #keşfet;#yks2027 #psikoloji #Shorts;209;203
2026-11-23;Pzt;Haftanın Planı;;Plan bozulursa ne olur;Plan bozulur. Önemli olan ertesi gün nereden devam ettiğin.;öğrenci;kart-liste;;kesin;Kasım düşüşü;Karanlık erken, ilk yorgunluk. Ara tatil nefes aldırır.;karanlık erken (17:27);17:27;okul;20:30;21:30;19:30;#yks2027 #yks #dersprogramı #verimliçalışma #eğitimkoçluğu;#yks2027 #yks #dersprogramı #verimliçalışma #keşfet;#yks2027 #dersprogramı #Shorts;208;202
2026-11-24;Sal;Özel Gün;;Öğretmenler Günü;Bir öğretmenin tek cümlesi bir yılı değiştirebilir.;herkes;tek-cumle;;kesin;Kasım düşüşü;Karanlık erken, ilk yorgunluk. Ara tatil nefes aldırır.;karanlık erken (17:27);17:27;okul;20:30;21:30;19:30;#yks2027 #yks #öğrenci #yks #eğitimkoçluğu;#yks2027 #yks #öğrenci #yks #keşfet;#yks2027 #öğrenci #Shorts;207;201
2026-11-25;Çar;Aynı Hafta;;Matematik korkusu;Matematiğe oturunca elim kolum bağlanıyor.;öğrenci;yazisma;;kesin;Kasım düşüşü;Karanlık erken, ilk yorgunluk. Ara tatil nefes aldırır.;karanlık erken (17:26);17:26;okul;20:30;21:30;19:30;#yks2027 #yks #öğrencihayatı #sınavstresi #eğitimkoçluğu;#yks2027 #yks #öğrencihayatı #sınavstresi #keşfet;#yks2027 #öğrencihayatı #Shorts;206;200
2026-11-26;Per;Veli Köşesi;;Telefon tartışması;Telefonu almak mı, birlikte kural koymak mı?;veli;kart-veli;;kesin;Kasım düşüşü;Karanlık erken, ilk yorgunluk. Ara tatil nefes aldırır.;karanlık erken (17:26);17:26;veli;21:00;20:30;20:00;#yks2027 #lgs #veli #mersin #eğitimkoçluğu;#yks2027 #lgs #veli #mersin #keşfet;#yks2027 #veli #Shorts;205;199
2026-11-27;Cum;Doğru Bilinen Yanlışlar;;Zeki olan kazanır;YKS zekâ değil, düzen sınavıdır.;öğrenci;efsane-gercek;;kesin;Kasım düşüşü;Karanlık erken, ilk yorgunluk. Ara tatil nefes aldırır.;karanlık erken (17:25);17:25;okul;20:30;21:30;19:30;#yks2027 #yks #dersçalışma #doğrubilinenyanlışlar #eğitimkoçluğu;#yks2027 #yks #dersçalışma #doğrubilinenyanlışlar #keşfet;#yks2027 #dersçalışma #Shorts;204;198
2026-11-28;Cmt;Deneme Günü;;Net grafiği;Netlerini bir grafiğe dök. Tek deneme değil, çizgi önemli.;öğrenci;kart-liste;;kesin;Kasım düşüşü;Karanlık erken, ilk yorgunluk. Ara tatil nefes aldırır.;karanlık erken (17:25);17:25;cumartesi;13:00;14:30;12:30;#yks2027 #yks #denemesınavı #netartırma #eğitimkoçluğu;#yks2027 #yks #denemesınavı #netartırma #keşfet;#yks2027 #denemesınavı #Shorts;203;197
2026-11-29;Paz;Pazar Akşamı;;Dinlenme hakkı;Bugün dinlendiysen, suçluluk duymana gerek yok.;öğrenci;tek-cumle;;kesin;Kasım düşüşü;Karanlık erken, ilk yorgunluk. Ara tatil nefes aldırır.;karanlık erken (17:25);17:25;pazar;20:00;21:00;19:00;#yks2027 #yks #motivasyon #sınavkaygısı #eğitimkoçluğu;#yks2027 #yks #motivasyon #sınavkaygısı #keşfet;#yks2027 #motivasyon #Shorts;202;196
2026-11-30;Pzt;Haftanın Planı;;Soru sayısı mı, saat mi?;‘5 saat çalıştım’ değil, ‘120 soru, 14 yanlış’ de.;öğrenci;kart-liste;;kesin;Kasım düşüşü;Karanlık erken, ilk yorgunluk. Ara tatil nefes aldırır.;karanlık erken (17:25);17:25;okul;20:30;21:30;19:30;#yks2027 #yks #verimliçalışma #çalışmaplanı #eğitimkoçluğu;#yks2027 #yks #verimliçalışma #çalışmaplanı #keşfet;#yks2027 #verimliçalışma #Shorts;201;195
2026-12-01;Sal;Özel Gün;;YKS'ye 200 gün;200 gün. Haftada 7 gün değil, haftada 6 iyi gün.;öğrenci;tek-cumle;;tahmini;Kış dibi;"Yılın en karanlık haftaları. Motivasyon dipte; küçük hedef, sıcak ton.";karanlık erken (17:24);17:24;okul;20:30;21:30;19:30;#yks2027 #yks #yks #motivasyon #eğitimkoçluğu;#yks2027 #yks #yks #motivasyon #keşfet;#yks2027 #yks #Shorts;200;194
2026-12-02;Çar;Aynı Hafta;;Hastalandım;Grip oldum, 3 gündür masaya oturamadım.;öğrenci;yazisma;;kesin;Kış dibi;"Yılın en karanlık haftaları. Motivasyon dipte; küçük hedef, sıcak ton.";karanlık erken (17:24);17:24;okul;20:30;21:30;19:30;#yks2027 #yks #sınavstresi #yksmotivasyon #eğitimkoçluğu;#yks2027 #yks #sınavstresi #yksmotivasyon #keşfet;#yks2027 #sınavstresi #Shorts;199;193
2026-12-03;Per;Veli Köşesi;;Sessiz çalışma alanı;Çocuğunuzun çalıştığı yerde televizyon sesi geliyor mu?;veli;kart-veli;;kesin;Kış dibi;"Yılın en karanlık haftaları. Motivasyon dipte; küçük hedef, sıcak ton.";karanlık erken (17:24);17:24;veli;21:00;20:30;20:00;#yks2027 #lgs #sınavyılı #mersin #eğitimkoçluğu;#yks2027 #lgs #sınavyılı #mersin #keşfet;#yks2027 #sınavyılı #Shorts;198;192
2026-12-04;Cum;Doğru Bilinen Yanlışlar;;Kolay konular sona;Kolay konu sona kalınca kolay puan kaçar.;öğrenci;efsane-gercek;;kesin;Kış dibi;"Yılın en karanlık haftaları. Motivasyon dipte; küçük hedef, sıcak ton.";karanlık erken (17:24);17:24;okul;20:30;21:30;19:30;#yks2027 #yks #doğrubilinenyanlışlar #çalışmayöntemleri #eğitimkoçluğu;#yks2027 #yks #doğrubilinenyanlışlar #çalışmayöntemleri #keşfet;#yks2027 #doğrubilinenyanlışlar #Shorts;197;191
2026-12-05;Cmt;Deneme Günü;;Optik hatası;En pahalı yanlış: optiğe kaydırmak.;öğrenci;kart-liste;;kesin;Kış dibi;"Yılın en karanlık haftaları. Motivasyon dipte; küçük hedef, sıcak ton.";karanlık erken (17:24);17:24;cumartesi;13:00;14:30;12:30;#yks2027 #yks #netartırma #tytdeneme #eğitimkoçluğu;#yks2027 #yks #netartırma #tytdeneme #keşfet;#yks2027 #netartırma #Shorts;196;190
2026-12-06;Paz;Pazar Akşamı;;Kıyas bırak;Bu hafta kimseye bakma. Sadece dünkü sene.;öğrenci;tek-cumle;;kesin;Kış dibi;"Yılın en karanlık haftaları. Motivasyon dipte; küçük hedef, sıcak ton.";karanlık erken (17:24);17:24;pazar;20:00;21:00;19:00;#yks2027 #yks #sınavkaygısı #pazarakşamı #eğitimkoçluğu;#yks2027 #yks #sınavkaygısı #pazarakşamı #keşfet;#yks2027 #sınavkaygısı #Shorts;195;189
2026-12-07;Pzt;Haftanın Planı;;Okul sonrası ilk saat;Eve gelince ilk saat: yemek ve 20 dakika hiçbir şey.;öğrenci;kart-liste;;kesin;Kış dibi;"Yılın en karanlık haftaları. Motivasyon dipte; küçük hedef, sıcak ton.";karanlık erken (17:24);17:24;okul;20:30;21:30;19:30;#yks2027 #yks #çalışmaplanı #planlıçalışma #eğitimkoçluğu;#yks2027 #yks #çalışmaplanı #planlıçalışma #keşfet;#yks2027 #çalışmaplanı #Shorts;194;188
2026-12-08;Sal;Ders Taktiği;LGS Matematik;Yeni nesil soru okuma;Yeni nesil soruda ilk iş: sorulanın altını çiz.;öğrenci;soru-cozum;;kesin;Kış dibi;"Yılın en karanlık haftaları. Motivasyon dipte; küçük hedef, sıcak ton.";karanlık erken (17:24);17:24;okul;20:30;21:30;19:30;#lgs2027 #lgs #matematik #tytkampı #eğitimkoçluğu;#lgs2027 #lgs #matematik #tytkampı #keşfet;#lgs2027 #matematik #Shorts;193;187
2026-12-09;Çar;Aynı Hafta;;Telefonu bırakamıyorum;Bir bakayım diyorum, 1 saat geçiyor.;öğrenci;yazisma;;kesin;Kış dibi;"Yılın en karanlık haftaları. Motivasyon dipte; küçük hedef, sıcak ton.";karanlık erken (17:24);17:24;okul;20:30;21:30;19:30;#yks2027 #yks #yksmotivasyon #sınavkaygısı #eğitimkoçluğu;#yks2027 #yks #yksmotivasyon #sınavkaygısı #keşfet;#yks2027 #yksmotivasyon #Shorts;192;186
2026-12-10;Per;Veli Köşesi;;Ev içi yük;Sınav yılında çocuğa ev işi verilir mi?;veli;kart-veli;;kesin;Kış dibi;"Yılın en karanlık haftaları. Motivasyon dipte; küçük hedef, sıcak ton.";karanlık erken (17:24);17:24;veli;21:00;20:30;20:00;#yks2027 #lgs #ebeveyn #mersin #eğitimkoçluğu;#yks2027 #lgs #ebeveyn #mersin #keşfet;#yks2027 #ebeveyn #Shorts;191;185
2026-12-11;Cum;Doğru Bilinen Yanlışlar;;Kafein mucizesi;Enerji içeceği net artırmaz. Uykuyu azaltır.;öğrenci;efsane-gercek;;kesin;Kış dibi;"Yılın en karanlık haftaları. Motivasyon dipte; küçük hedef, sıcak ton.";karanlık erken (17:24);17:24;okul;20:30;21:30;19:30;#yks2027 #yks #çalışmayöntemleri #bilgi #eğitimkoçluğu;#yks2027 #yks #çalışmayöntemleri #bilgi #keşfet;#yks2027 #çalışmayöntemleri #Shorts;190;184
2026-12-12;Cmt;Deneme Günü;;Deneme sonrası duygu;Kötü geçti mi? Bugün analiz yok. Yarın sabah var.;öğrenci;kart-liste;;kesin;Kış dibi;"Yılın en karanlık haftaları. Motivasyon dipte; küçük hedef, sıcak ton.";karanlık erken (17:24);17:24;cumartesi;13:00;14:30;12:30;#yks2027 #yks #tytdeneme #denemeanalizi #eğitimkoçluğu;#yks2027 #yks #tytdeneme #denemeanalizi #keşfet;#yks2027 #tytdeneme #Shorts;189;183
2026-12-13;Paz;Pazar Akşamı;;Neden başladın;Neden başladığını hatırla. Kâğıda yaz.;öğrenci;tek-cumle;;kesin;Kış dibi;"Yılın en karanlık haftaları. Motivasyon dipte; küçük hedef, sıcak ton.";karanlık erken (17:24);17:24;pazar;20:00;21:00;19:00;#yks2027 #yks #pazarakşamı #yksmotivasyon #eğitimkoçluğu;#yks2027 #yks #pazarakşamı #yksmotivasyon #keşfet;#yks2027 #pazarakşamı #Shorts;188;182
2026-12-14;Pzt;Haftanın Planı;;Tekrar günü;Yeni konu değil. Bu hafta geçen haftayı tekrar et.;öğrenci;kart-liste;;kesin;Kış dibi;"Yılın en karanlık haftaları. Motivasyon dipte; küçük hedef, sıcak ton.";karanlık erken (17:24);17:24;okul;20:30;21:30;19:30;#yks2027 #yks #planlıçalışma #zamanyönetimi #eğitimkoçluğu;#yks2027 #yks #planlıçalışma #zamanyönetimi #keşfet;#yks2027 #planlıçalışma #Shorts;187;181
2026-12-15;Sal;Ders Taktiği;TYT Türkçe;Dil bilgisinde eleme;Emin olmadığın şıkkı değil, kesin yanlışı ele.;öğrenci;soru-cozum;;kesin;Kış dibi;"Yılın en karanlık haftaları. Motivasyon dipte; küçük hedef, sıcak ton.";karanlık erken (17:25);17:25;okul;20:30;21:30;19:30;#yks2027 #yks #türkçe #konuanlatımı #eğitimkoçluğu;#yks2027 #yks #türkçe #konuanlatımı #keşfet;#yks2027 #türkçe #Shorts;186;180
2026-12-16;Çar;Aynı Hafta;;Ailem baskı yapıyor;Annem her akşam kaç soru çözdüğümü soruyor.;öğrenci;yazisma;;kesin;Kış dibi;"Yılın en karanlık haftaları. Motivasyon dipte; küçük hedef, sıcak ton.";karanlık erken (17:25);17:25;okul;20:30;21:30;19:30;#yks2027 #yks #sınavkaygısı #öğrenci #eğitimkoçluğu;#yks2027 #yks #sınavkaygısı #öğrenci #keşfet;#yks2027 #sınavkaygısı #Shorts;185;179
2026-12-17;Per;Veli Köşesi;;Motivasyon konuşması;Uzun nasihat değil, tek cümle: ‘Yanındayım.’;veli;kart-veli;;kesin;Kış dibi;"Yılın en karanlık haftaları. Motivasyon dipte; küçük hedef, sıcak ton.";karanlık erken (17:25);17:25;veli;21:00;20:30;20:00;#yks2027 #lgs #anneyiz #mersin #eğitimkoçluğu;#yks2027 #lgs #anneyiz #mersin #keşfet;#yks2027 #anneyiz #Shorts;184;178
2026-12-18;Cum;Doğru Bilinen Yanlışlar;;Özet çıkarmak şart;Her konuya özet çıkarmak zaman kaybı olabilir.;öğrenci;efsane-gercek;;kesin;Kış dibi;"Yılın en karanlık haftaları. Motivasyon dipte; küçük hedef, sıcak ton.";karanlık erken (17:25);17:25;okul;20:30;21:30;19:30;#yks2027 #yks #bilgi #verimliçalışma #eğitimkoçluğu;#yks2027 #yks #bilgi #verimliçalışma #keşfet;#yks2027 #bilgi #Shorts;183;177
2026-12-19;Cmt;Deneme Günü;;Evde deneme koşulları;Evde deneme: telefon başka odada, saat görünür yerde.;öğrenci;kart-liste;;kesin;Kış dibi;"Yılın en karanlık haftaları. Motivasyon dipte; küçük hedef, sıcak ton.";karanlık erken (17:26);17:26;cumartesi;13:00;14:30;12:30;#yks2027 #yks #denemeanalizi #türkiyegenelideneme #eğitimkoçluğu;#yks2027 #yks #denemeanalizi #türkiyegenelideneme #keşfet;#yks2027 #denemeanalizi #Shorts;182;176
2026-12-20;Paz;Pazar Akşamı;;Yalnızlık;Bu yol yalnız hissettirir. Ama yalnız değilsin.;öğrenci;tek-cumle;;kesin;Kış dibi;"Yılın en karanlık haftaları. Motivasyon dipte; küçük hedef, sıcak ton.";karanlık erken (17:26);17:26;pazar;20:00;21:00;19:00;#yks2027 #yks #yksmotivasyon #psikoloji #eğitimkoçluğu;#yks2027 #yks #yksmotivasyon #psikoloji #keşfet;#yks2027 #yksmotivasyon #Shorts;181;175
2026-12-21;Pzt;Özel Gün;;Yılın en uzun gecesi;Bugün yılın en uzun gecesi. Yarından itibaren günler uzuyor.;öğrenci;tek-cumle;;kesin;Kış dibi;"Yılın en karanlık haftaları. Motivasyon dipte; küçük hedef, sıcak ton.";karanlık erken (17:27);17:27;okul;20:30;21:30;19:30;#yks2027 #yks #öğrenci #yks #eğitimkoçluğu;#yks2027 #yks #öğrenci #yks #keşfet;#yks2027 #öğrenci #Shorts;180;174
2026-12-22;Sal;Ders Taktiği;TYT Matematik;Sayı basamakları;Basamak sorusunda harfleri sayıya çevir, gerisi aritmetik.;öğrenci;soru-cozum;;kesin;Kış dibi;"Yılın en karanlık haftaları. Motivasyon dipte; küçük hedef, sıcak ton.";karanlık erken (17:27);17:27;okul;20:30;21:30;19:30;#yks2027 #yks #matematik #sorubankası #eğitimkoçluğu;#yks2027 #yks #matematik #sorubankası #keşfet;#yks2027 #matematik #Shorts;179;173
2026-12-23;Çar;Aynı Hafta;;Hedefimi değiştirsem mi;Tıp çok uzak geliyor artık. Bıraksam mı?;öğrenci;yazisma;;kesin;Kış dibi;"Yılın en karanlık haftaları. Motivasyon dipte; küçük hedef, sıcak ton.";karanlık erken (17:27);17:27;okul;20:30;21:30;19:30;#yks2027 #yks #öğrenci #öğrencihayatı #eğitimkoçluğu;#yks2027 #yks #öğrenci #öğrencihayatı #keşfet;#yks2027 #öğrenci #Shorts;178;172
2026-12-24;Per;Veli Köşesi;;Dershane kararı;Dershane, özel ders, koçluk: hangisi ne işe yarar?;veli;kart-veli;;kesin;Kış dibi;"Yılın en karanlık haftaları. Motivasyon dipte; küçük hedef, sıcak ton.";karanlık erken (17:28);17:28;veli;21:00;20:30;20:00;#yks2027 #lgs #velirehberi #mersin #eğitimkoçluğu;#yks2027 #lgs #velirehberi #mersin #keşfet;#yks2027 #velirehberi #Shorts;177;171
2026-12-25;Cum;Doğru Bilinen Yanlışlar;;Boş bırakmak kaybettirir;4 yanlış 1 doğruyu götürür. Yani?;öğrenci;efsane-gercek;;kesin;Kış dibi;"Yılın en karanlık haftaları. Motivasyon dipte; küçük hedef, sıcak ton.";karanlık erken (17:29);17:29;okul;20:30;21:30;19:30;#yks2027 #yks #verimliçalışma #dersçalışma #eğitimkoçluğu;#yks2027 #yks #verimliçalışma #dersçalışma #keşfet;#yks2027 #verimliçalışma #Shorts;176;170
2026-12-26;Cmt;Deneme Günü;;Türkiye geneli deneme;Türkiye geneli denemede sıralaman neyi söyler?;öğrenci;kart-liste;;kesin;Kış dibi;"Yılın en karanlık haftaları. Motivasyon dipte; küçük hedef, sıcak ton.";karanlık erken (17:29);17:29;cumartesi;13:00;14:30;12:30;#yks2027 #yks #türkiyegenelideneme #denemesınavı #eğitimkoçluğu;#yks2027 #yks #türkiyegenelideneme #denemesınavı #keşfet;#yks2027 #türkiyegenelideneme #Shorts;175;169
2026-12-27;Paz;Pazar Akşamı;;Beden de çalışır;Bu hafta kaç kere yürüdün? Beyin bacaklarla da çalışır.;öğrenci;tek-cumle;;kesin;Kış dibi;"Yılın en karanlık haftaları. Motivasyon dipte; küçük hedef, sıcak ton.";gün batımı 17:30;17:30;pazar;20:00;21:00;19:00;#yks2027 #yks #psikoloji #motivasyon #eğitimkoçluğu;#yks2027 #yks #psikoloji #motivasyon #keşfet;#yks2027 #psikoloji #Shorts;174;168
2026-12-28;Pzt;Haftanın Planı;;Telefon başka odada;Telefon masadaysa, aklın da masada değil.;öğrenci;kart-liste;;kesin;Kış dibi;"Yılın en karanlık haftaları. Motivasyon dipte; küçük hedef, sıcak ton.";gün batımı 17:30;17:30;okul;20:30;21:30;19:30;#yks2027 #yks #dersprogramı #verimliçalışma #eğitimkoçluğu;#yks2027 #yks #dersprogramı #verimliçalışma #keşfet;#yks2027 #dersprogramı #Shorts;173;167
2026-12-29;Sal;Ders Taktiği;AYT Matematik;Türevde grafik oku;Türev sorusu grafikle geliyorsa, işaret tablosu yap.;öğrenci;soru-cozum;;kesin;Kış dibi;"Yılın en karanlık haftaları. Motivasyon dipte; küçük hedef, sıcak ton.";gün batımı 17:31;17:31;okul;20:30;21:30;19:30;#yks2027 #yks #matematik #soruçözümü #eğitimkoçluğu;#yks2027 #yks #matematik #soruçözümü #keşfet;#yks2027 #matematik #Shorts;172;166
2026-12-30;Çar;Aynı Hafta;;Konuyu anlamadım;Türevi üç kere izledim, hâlâ anlamadım.;öğrenci;yazisma;;kesin;Kış dibi;"Yılın en karanlık haftaları. Motivasyon dipte; küçük hedef, sıcak ton.";gün batımı 17:32;17:32;okul;20:30;21:30;19:30;#yks2027 #yks #öğrencihayatı #sınavstresi #eğitimkoçluğu;#yks2027 #yks #öğrencihayatı #sınavstresi #keşfet;#yks2027 #öğrencihayatı #Shorts;171;165
2026-12-31;Per;Özel Gün;;Yılbaşı gecesi;Bu gece ders yok. Yarın 2027: sınav yılı.;herkes;tek-cumle;;kesin;Kış dibi;"Yılın en karanlık haftaları. Motivasyon dipte; küçük hedef, sıcak ton.";gün batımı 17:32;17:32;okul;20:30;21:30;19:30;#yks2027 #yks #yks #mersin #eğitimkoçluğu;#yks2027 #yks #yks #mersin #keşfet;#yks2027 #yks #Shorts;170;164
2027-01-01;Cum;Özel Gün;;2027: sınav yılı;Yeni yıl, yeni plan değil. Aynı plan, daha sakin.;öğrenci;tek-cumle;;kesin;Karne ve toparlanma;Karne kaygısı, sonra yarıyılın 16 günlük fırsatı.;gün batımı 17:33;17:33;tatil;21:30;22:30;20:30;#yks2027 #yks #yks #motivasyon #eğitimkoçluğu;#yks2027 #yks #yks #motivasyon #keşfet;#yks2027 #yks #Shorts;169;163
2027-01-02;Cmt;Deneme Günü;;Dönem sonu denemesi;Dönem bitti. Bu deneme dönemin karnesi.;öğrenci;kart-liste;;kesin;Karne ve toparlanma;Karne kaygısı, sonra yarıyılın 16 günlük fırsatı.;gün batımı 17:34;17:34;cumartesi;13:00;14:30;12:30;#yks2027 #yks #denemesınavı #netartırma #eğitimkoçluğu;#yks2027 #yks #denemesınavı #netartırma #keşfet;#yks2027 #denemesınavı #Shorts;168;162
2027-01-03;Paz;Pazar Akşamı;;Sınav senin değerin değil;Bir sınav, senin değerini ölçmez.;öğrenci;tek-cumle;;kesin;Karne ve toparlanma;Karne kaygısı, sonra yarıyılın 16 günlük fırsatı.;gün batımı 17:34;17:34;pazar;20:00;21:00;19:00;#yks2027 #yks #motivasyon #sınavkaygısı #eğitimkoçluğu;#yks2027 #yks #motivasyon #sınavkaygısı #keşfet;#yks2027 #motivasyon #Shorts;167;161
2027-01-04;Pzt;Haftanın Planı;;Haftalık tek hedef;Bu haftanın tek cümlelik hedefini yaz. Tek cümle.;öğrenci;kart-liste;;kesin;Karne ve toparlanma;Karne kaygısı, sonra yarıyılın 16 günlük fırsatı.;gün batımı 17:35;17:35;okul;20:30;21:30;19:30;#yks2027 #yks #verimliçalışma #çalışmaplanı #eğitimkoçluğu;#yks2027 #yks #verimliçalışma #çalışmaplanı #keşfet;#yks2027 #verimliçalışma #Shorts;166;160
2027-01-05;Sal;Ders Taktiği;Edebiyat;Dönem–sanatçı eşleşmesi;Edebiyat ezber değil eşleştirme. Tablo kur.;öğrenci;soru-cozum;;kesin;Karne ve toparlanma;Karne kaygısı, sonra yarıyılın 16 günlük fırsatı.;gün batımı 17:36;17:36;okul;20:30;21:30;19:30;#yks2027 #yks #edebiyat #derstaktikleri #eğitimkoçluğu;#yks2027 #yks #edebiyat #derstaktikleri #keşfet;#yks2027 #edebiyat #Shorts;165;159
2027-01-06;Çar;Aynı Hafta;;Motivasyonum yok;Hiç içimden gelmiyor. Zorla mı oturayım?;öğrenci;yazisma;;kesin;Karne ve toparlanma;Karne kaygısı, sonra yarıyılın 16 günlük fırsatı.;gün batımı 17:37;17:37;okul;20:30;21:30;19:30;#yks2027 #yks #sınavstresi #yksmotivasyon #eğitimkoçluğu;#yks2027 #yks #sınavstresi #yksmotivasyon #keşfet;#yks2027 #sınavstresi #Shorts;164;158
2027-01-07;Per;Veli Köşesi;;Karne haftası;Karneye bakarken önce neye bakmalı?;veli;kart-veli;;kesin;Karne ve toparlanma;Karne kaygısı, sonra yarıyılın 16 günlük fırsatı.;gün batımı 17:38;17:38;veli;21:00;20:30;20:00;#yks2027 #lgs #sınavyılı #mersin #eğitimkoçluğu;#yks2027 #lgs #sınavyılı #mersin #keşfet;#yks2027 #sınavyılı #Shorts;163;157
2027-01-08;Cum;Doğru Bilinen Yanlışlar;;Motivasyon beklenir;Motivasyonu beklersen masaya oturmazsın.;öğrenci;efsane-gercek;;kesin;Karne ve toparlanma;Karne kaygısı, sonra yarıyılın 16 günlük fırsatı.;gün batımı 17:39;17:39;okul;20:30;21:30;19:30;#yks2027 #yks #doğrubilinenyanlışlar #çalışmayöntemleri #eğitimkoçluğu;#yks2027 #yks #doğrubilinenyanlışlar #çalışmayöntemleri #keşfet;#yks2027 #doğrubilinenyanlışlar #Shorts;162;156
2027-01-09;Cmt;Deneme Günü;;Branş denemesi;Hafta içi branş denemesi, hafta sonu genel.;öğrenci;kart-liste;;kesin;Karne ve toparlanma;Karne kaygısı, sonra yarıyılın 16 günlük fırsatı.;gün batımı 17:40;17:40;cumartesi;13:00;14:30;12:30;#yks2027 #yks #netartırma #tytdeneme #eğitimkoçluğu;#yks2027 #yks #netartırma #tytdeneme #keşfet;#yks2027 #netartırma #Shorts;161;155
2027-01-10;Paz;Pazar Akşamı;;Gelecek kaygısı;Gelecek büyük. Yarın küçük. Yarına bak.;öğrenci;tek-cumle;;kesin;Karne ve toparlanma;Karne kaygısı, sonra yarıyılın 16 günlük fırsatı.;gün batımı 17:40;17:40;pazar;20:00;21:00;19:00;#yks2027 #yks #sınavkaygısı #pazarakşamı #eğitimkoçluğu;#yks2027 #yks #sınavkaygısı #pazarakşamı #keşfet;#yks2027 #sınavkaygısı #Shorts;160;154
2027-01-11;Pzt;Haftanın Planı;;Zayıf konu listesi;En zayıf 3 konunu biliyor musun? Adıyla söyle.;öğrenci;kart-liste;;kesin;Karne ve toparlanma;Karne kaygısı, sonra yarıyılın 16 günlük fırsatı.;gün batımı 17:41;17:41;okul;20:30;21:30;19:30;#yks2027 #yks #çalışmaplanı #planlıçalışma #eğitimkoçluğu;#yks2027 #yks #çalışmaplanı #planlıçalışma #keşfet;#yks2027 #çalışmaplanı #Shorts;159;153
2027-01-12;Sal;Ders Taktiği;Fizik;Serbest cisim diyagramı;Kuvvet sorusunda formülden önce oklar.;öğrenci;soru-cozum;;kesin;Karne ve toparlanma;Karne kaygısı, sonra yarıyılın 16 günlük fırsatı.;gün batımı 17:42;17:42;okul;20:30;21:30;19:30;#yks2027 #yks #fizik #tytkampı #eğitimkoçluğu;#yks2027 #yks #fizik #tytkampı #keşfet;#yks2027 #fizik #Shorts;158;152
2027-01-13;Çar;Aynı Hafta;;Plan çok ağır;Plan çok dolu hocam, yetişemiyorum.;öğrenci;yazisma;;kesin;Karne ve toparlanma;Karne kaygısı, sonra yarıyılın 16 günlük fırsatı.;gün batımı 17:43;17:43;okul;20:30;21:30;19:30;#yks2027 #yks #yksmotivasyon #sınavkaygısı #eğitimkoçluğu;#yks2027 #yks #yksmotivasyon #sınavkaygısı #keşfet;#yks2027 #yksmotivasyon #Shorts;157;151
2027-01-14;Per;Veli Köşesi;;Sınav kaygısı belirtileri;Mide ağrısı, uykusuzluk, öfke: kaygı bazen böyle konuşur.;veli;kart-veli;;kesin;Karne ve toparlanma;Karne kaygısı, sonra yarıyılın 16 günlük fırsatı.;gün batımı 17:44;17:44;veli;21:00;20:30;20:00;#yks2027 #lgs #ebeveyn #mersin #eğitimkoçluğu;#yks2027 #lgs #ebeveyn #mersin #keşfet;#yks2027 #ebeveyn #Shorts;156;150
2027-01-15;Cum;Doğru Bilinen Yanlışlar;;Tek kaynak yetmez;Çok kaynak değil, bitmiş kaynak.;öğrenci;efsane-gercek;;kesin;Karne ve toparlanma;Karne kaygısı, sonra yarıyılın 16 günlük fırsatı.;gün batımı 17:45;17:45;okul;20:30;21:30;19:30;#yks2027 #yks #çalışmayöntemleri #bilgi #eğitimkoçluğu;#yks2027 #yks #çalışmayöntemleri #bilgi #keşfet;#yks2027 #çalışmayöntemleri #Shorts;155;149
2027-01-16;Cmt;Deneme Günü;;Dikkat dağılınca;Denemenin ortasında dağıldın mı? 30 saniye gözünü kapat.;öğrenci;kart-liste;;kesin;Karne ve toparlanma;Karne kaygısı, sonra yarıyılın 16 günlük fırsatı.;gün batımı 17:46;17:46;cumartesi;13:00;14:30;12:30;#yks2027 #yks #tytdeneme #denemeanalizi #eğitimkoçluğu;#yks2027 #yks #tytdeneme #denemeanalizi #keşfet;#yks2027 #tytdeneme #Shorts;154;148
2027-01-17;Paz;Pazar Akşamı;;Ailene teşekkür;Bu hafta evde sana destek olan birine teşekkür et.;öğrenci;tek-cumle;;kesin;Karne ve toparlanma;Karne kaygısı, sonra yarıyılın 16 günlük fırsatı.;gün batımı 17:47;17:47;pazar;20:00;21:00;19:00;#yks2027 #yks #pazarakşamı #yksmotivasyon #eğitimkoçluğu;#yks2027 #yks #pazarakşamı #yksmotivasyon #keşfet;#yks2027 #pazarakşamı #Shorts;153;147
2027-01-18;Pzt;Haftanın Planı;;Çalışma saatini sabitle;Her gün aynı saatte masaya otur. Gerisi kolay.;öğrenci;kart-liste;;kesin;Karne ve toparlanma;Karne kaygısı, sonra yarıyılın 16 günlük fırsatı.;gün batımı 17:48;17:48;okul;20:30;21:30;19:30;#yks2027 #yks #planlıçalışma #zamanyönetimi #eğitimkoçluğu;#yks2027 #yks #planlıçalışma #zamanyönetimi #keşfet;#yks2027 #planlıçalışma #Shorts;152;146
2027-01-19;Sal;Ders Taktiği;Kimya;Periyodik tabloda yön;Sağa ve yukarı: elektronegatiflik artar. Bu kadar.;öğrenci;soru-cozum;;kesin;Karne ve toparlanma;Karne kaygısı, sonra yarıyılın 16 günlük fırsatı.;gün batımı 17:49;17:49;okul;20:30;21:30;19:30;#yks2027 #yks #kimya #konuanlatımı #eğitimkoçluğu;#yks2027 #yks #kimya #konuanlatımı #keşfet;#yks2027 #kimya #Shorts;151;145
2027-01-20;Çar;Özel Gün;;YKS'ye 150 gün;150 gün kaldı. Panik değil, tempo.;öğrenci;tek-cumle;;tahmini;Karne ve toparlanma;Karne kaygısı, sonra yarıyılın 16 günlük fırsatı.;gün batımı 17:50;17:50;okul;20:30;21:30;19:30;#yks2027 #yks #öğrenci #yks #eğitimkoçluğu;#yks2027 #yks #öğrenci #yks #keşfet;#yks2027 #öğrenci #Shorts;150;144
2027-01-21;Per;Veli Köşesi;;Ödül ve ceza;‘Kazanırsan araba’ vaadi neden işe yaramaz?;veli;kart-veli;;kesin;Karne ve toparlanma;Karne kaygısı, sonra yarıyılın 16 günlük fırsatı.;gün batımı 17:51;17:51;veli;21:00;20:30;20:00;#yks2027 #lgs #anneyiz #mersin #eğitimkoçluğu;#yks2027 #lgs #anneyiz #mersin #keşfet;#yks2027 #anneyiz #Shorts;149;143
2027-01-22;Cum;Özel Gün;;Karne günü;Karneye bakmadan önce çocuğunuzun yüzüne bakın.;veli;tek-cumle;;kesin;Karne ve toparlanma;Karne kaygısı, sonra yarıyılın 16 günlük fırsatı.;gün batımı 17:52;17:52;veli;21:00;20:30;20:00;#yks2027 #lgs #öğrenci #yks #eğitimkoçluğu;#yks2027 #lgs #öğrenci #yks #keşfet;#yks2027 #öğrenci #Shorts;148;142
2027-01-23;Cmt;Deneme Günü;;Kolay soruyu kaçırmak;Bu denemede kaç kolay soruyu kaçırdın? En kolay net orada.;öğrenci;kart-liste;;kesin;Karne ve toparlanma;Karne kaygısı, sonra yarıyılın 16 günlük fırsatı.;gün batımı 17:53;17:53;tatil;21:30;22:30;20:30;#yks2027 #yks #denemeanalizi #türkiyegenelideneme #eğitimkoçluğu;#yks2027 #yks #denemeanalizi #türkiyegenelideneme #keşfet;#yks2027 #denemeanalizi #Shorts;147;141
2027-01-24;Paz;Pazar Akşamı;;Uyku borcu;Bu gece erken yat. Pazartesi seni teşekkürle karşılar.;öğrenci;tek-cumle;;kesin;Karne ve toparlanma;Karne kaygısı, sonra yarıyılın 16 günlük fırsatı.;gün batımı 17:55;17:55;tatil;21:30;22:30;20:30;#yks2027 #yks #yksmotivasyon #psikoloji #eğitimkoçluğu;#yks2027 #yks #yksmotivasyon #psikoloji #keşfet;#yks2027 #yksmotivasyon #Shorts;146;140
2027-01-25;Pzt;Özel Gün;;Yarıyıl: yılın en değerli 16 günü;16 gün okul yok. Yılın en değerli bloğu başladı.;öğrenci;tek-cumle;;kesin;Karne ve toparlanma;Karne kaygısı, sonra yarıyılın 16 günlük fırsatı.;gün batımı 17:56;17:56;tatil;21:30;22:30;20:30;#yks2027 #yks #yks #motivasyon #eğitimkoçluğu;#yks2027 #yks #yks #motivasyon #keşfet;#yks2027 #yks #Shorts;145;139
2027-01-26;Sal;Ders Taktiği;LGS Fen;Deney sorularında değişken;Deney sorusunda ilk soru: ne değişti, ne sabit?;öğrenci;soru-cozum;;kesin;Karne ve toparlanma;Karne kaygısı, sonra yarıyılın 16 günlük fırsatı.;gün batımı 17:57;17:57;tatil;21:30;22:30;20:30;#lgs2027 #lgs #fen #sorubankası #eğitimkoçluğu;#lgs2027 #lgs #fen #sorubankası #keşfet;#lgs2027 #fen #Shorts;144;138
2027-01-27;Çar;Aynı Hafta;;Sınav kaygısı;Denemede ilk 10 dakika hiçbir şey okuyamıyorum.;öğrenci;yazisma;;kesin;Karne ve toparlanma;Karne kaygısı, sonra yarıyılın 16 günlük fırsatı.;gün batımı 17:58;17:58;tatil;21:30;22:30;20:30;#yks2027 #yks #öğrenci #öğrencihayatı #eğitimkoçluğu;#yks2027 #yks #öğrenci #öğrencihayatı #keşfet;#yks2027 #öğrenci #Shorts;143;137
2027-01-28;Per;Veli Köşesi;;Beslenme;Sınav yılında sabah kahvaltısı neden önemli?;veli;kart-veli;;kesin;Karne ve toparlanma;Karne kaygısı, sonra yarıyılın 16 günlük fırsatı.;gün batımı 17:59;17:59;veli;21:00;20:30;20:00;#yks2027 #lgs #velirehberi #mersin #eğitimkoçluğu;#yks2027 #lgs #velirehberi #mersin #keşfet;#yks2027 #velirehberi #Shorts;142;136
2027-01-29;Cum;Doğru Bilinen Yanlışlar;;Sabah erken kalkan kazanır;Erken kalkmak değil, düzenli kalkmak.;öğrenci;efsane-gercek;;kesin;Karne ve toparlanma;Karne kaygısı, sonra yarıyılın 16 günlük fırsatı.;gün batımı 18:00;18:00;tatil;21:30;22:30;20:30;#yks2027 #yks #verimliçalışma #dersçalışma #eğitimkoçluğu;#yks2027 #yks #verimliçalışma #dersçalışma #keşfet;#yks2027 #verimliçalışma #Shorts;141;135
2027-01-30;Cmt;Deneme Günü;;Deneme sıklığı;Eylülde haftada 1, mayısta haftada 2.;öğrenci;kart-liste;;kesin;Karne ve toparlanma;Karne kaygısı, sonra yarıyılın 16 günlük fırsatı.;gün batımı 18:01;18:01;tatil;21:30;22:30;20:30;#yks2027 #yks #türkiyegenelideneme #denemesınavı #eğitimkoçluğu;#yks2027 #yks #türkiyegenelideneme #denemesınavı #keşfet;#yks2027 #türkiyegenelideneme #Shorts;140;134
2027-01-31;Paz;Pazar Akşamı;;Kötü hafta;Kötü hafta oldu. Kötü yıl olmayacak.;öğrenci;tek-cumle;;kesin;Karne ve toparlanma;Karne kaygısı, sonra yarıyılın 16 günlük fırsatı.;gün batımı 18:02;18:02;tatil;21:30;22:30;20:30;#yks2027 #yks #psikoloji #motivasyon #eğitimkoçluğu;#yks2027 #yks #psikoloji #motivasyon #keşfet;#yks2027 #psikoloji #Shorts;139;133
2027-02-01;Pzt;Haftanın Planı;;Yorgunluk haftası;Yorgunsan plan küçülür, iptal olmaz.;öğrenci;kart-liste;;kesin;Gerçeklik;İkinci dönem, başvuru ayı, Ramazan. Sınav artık gerçek.;gün batımı 18:03;18:03;tatil;21:30;22:30;20:30;#yks2027 #yks #dersprogramı #verimliçalışma #eğitimkoçluğu;#yks2027 #yks #dersprogramı #verimliçalışma #keşfet;#yks2027 #dersprogramı #Shorts;138;132
2027-02-02;Sal;Ders Taktiği;Biyoloji;Tuzak kelimeler;‘Yalnızca’ ve ‘kesinlikle’ gördüysen dur.;öğrenci;soru-cozum;;kesin;Gerçeklik;İkinci dönem, başvuru ayı, Ramazan. Sınav artık gerçek.;gün batımı 18:04;18:04;tatil;21:30;22:30;20:30;#yks2027 #yks #biyoloji #soruçözümü #eğitimkoçluğu;#yks2027 #yks #biyoloji #soruçözümü #keşfet;#yks2027 #biyoloji #Shorts;137;131
2027-02-03;Çar;Aynı Hafta;;Kitaplar bitmiyor;5 kitaba başladım, hiçbiri bitmedi.;öğrenci;yazisma;;kesin;Gerçeklik;İkinci dönem, başvuru ayı, Ramazan. Sınav artık gerçek.;gün batımı 18:06;18:06;tatil;21:30;22:30;20:30;#yks2027 #yks #öğrencihayatı #sınavstresi #eğitimkoçluğu;#yks2027 #yks #öğrencihayatı #sınavstresi #keşfet;#yks2027 #öğrencihayatı #Shorts;136;130
2027-02-04;Per;Veli Köşesi;;Hafta sonu dengesi;Pazar günü aile gezmesi sınav yılında yasak mı?;veli;kart-veli;;kesin;Gerçeklik;İkinci dönem, başvuru ayı, Ramazan. Sınav artık gerçek.;gün batımı 18:07;18:07;veli;21:00;20:30;20:00;#yks2027 #lgs #veli #mersin #eğitimkoçluğu;#yks2027 #lgs #veli #mersin #keşfet;#yks2027 #veli #Shorts;135;129
2027-02-05;Cum;Doğru Bilinen Yanlışlar;;Deneme neti = gerçek net;Denemedeki net bir fotoğraf, film değil.;öğrenci;efsane-gercek;;kesin;Gerçeklik;İkinci dönem, başvuru ayı, Ramazan. Sınav artık gerçek.;gün batımı 18:08;18:08;tatil;21:30;22:30;20:30;#yks2027 #yks #dersçalışma #doğrubilinenyanlışlar #eğitimkoçluğu;#yks2027 #yks #dersçalışma #doğrubilinenyanlışlar #keşfet;#yks2027 #dersçalışma #Shorts;134;128
2027-02-06;Cmt;Özel Gün;;6 Şubat;Kaybettiklerimizi rahmetle anıyoruz.;herkes;sade-kart;evet;kesin;Gerçeklik;İkinci dönem, başvuru ayı, Ramazan. Sınav artık gerçek.;gün batımı 18:09;18:09;tatil;10:00;10:00;10:00;;;;133;127
2027-02-07;Paz;Pazar Akşamı;;Hedefi küçült;Hedef büyük olabilir. Adım küçük olmalı.;öğrenci;tek-cumle;;kesin;Gerçeklik;İkinci dönem, başvuru ayı, Ramazan. Sınav artık gerçek.;gün batımı 18:10;18:10;tatil;21:30;22:30;20:30;#yks2027 #yks #motivasyon #sınavkaygısı #eğitimkoçluğu;#yks2027 #yks #motivasyon #sınavkaygısı #keşfet;#yks2027 #motivasyon #Shorts;132;126
2027-02-08;Pzt;Özel Gün;;İkinci dönem ve Ramazan;İkinci dönem başladı. Ramazanda çalışma saatleri değişir.;öğrenci;tek-cumle;;tahmini;Gerçeklik;İkinci dönem, başvuru ayı, Ramazan. Sınav artık gerçek.;gün batımı 18:11;18:11;ramazan;20:11;20:41;19:41;#yks2027 #yks #eğitim #öğrenci #eğitimkoçluğu;#yks2027 #yks #eğitim #öğrenci #keşfet;#yks2027 #eğitim #Shorts;131;125
2027-02-09;Sal;Ders Taktiği;TYT Türkçe;Anlatım bozukluğu;Cümleyi sesli oku. Kulak, kuraldan hızlı yakalar.;öğrenci;soru-cozum;;kesin;Gerçeklik;İkinci dönem, başvuru ayı, Ramazan. Sınav artık gerçek.;gün batımı 18:12;18:12;ramazan;20:12;20:42;19:42;#yks2027 #yks #türkçe #derstaktikleri #eğitimkoçluğu;#yks2027 #yks #türkçe #derstaktikleri #keşfet;#yks2027 #türkçe #Shorts;130;124
2027-02-10;Çar;Aynı Hafta;;Paragraf yavaş;Paragrafta süre yetmiyor, hep son 5 soru boş.;öğrenci;yazisma;;kesin;Gerçeklik;İkinci dönem, başvuru ayı, Ramazan. Sınav artık gerçek.;gün batımı 18:13;18:13;ramazan;20:13;20:43;19:43;#yks2027 #yks #sınavstresi #yksmotivasyon #eğitimkoçluğu;#yks2027 #yks #sınavstresi #yksmotivasyon #keşfet;#yks2027 #sınavstresi #Shorts;129;123
2027-02-11;Per;Özel Gün;;YKS başvuru dönemi;Başvuru ayı: kimlik, fotoğraf, ücret. Son güne bırakmayın.;veli;tek-cumle;;tahmini;Gerçeklik;İkinci dönem, başvuru ayı, Ramazan. Sınav artık gerçek.;gün batımı 18:14;18:14;ramazan;20:14;20:44;19:44;#yks2027 #lgs #eğitim #mersin #eğitimkoçluğu;#yks2027 #lgs #eğitim #mersin #keşfet;#yks2027 #eğitim #Shorts;128;122
2027-02-12;Cum;Doğru Bilinen Yanlışlar;;Ezber her şeydir;Tarih bile ezber değil, sıralama.;öğrenci;efsane-gercek;;kesin;Gerçeklik;İkinci dönem, başvuru ayı, Ramazan. Sınav artık gerçek.;gün batımı 18:15;18:15;ramazan;20:15;20:45;19:45;#yks2027 #yks #doğrubilinenyanlışlar #çalışmayöntemleri #eğitimkoçluğu;#yks2027 #yks #doğrubilinenyanlışlar #çalışmayöntemleri #keşfet;#yks2027 #doğrubilinenyanlışlar #Shorts;127;121
2027-02-13;Cmt;Deneme Günü;;AYT denemesi;AYT denemesi TYT'den uzun. Enerji planı yap.;öğrenci;kart-liste;;kesin;Gerçeklik;İkinci dönem, başvuru ayı, Ramazan. Sınav artık gerçek.;gün batımı 18:17;18:17;ramazan;20:17;20:47;19:47;#yks2027 #yks #netartırma #tytdeneme #eğitimkoçluğu;#yks2027 #yks #netartırma #tytdeneme #keşfet;#yks2027 #netartırma #Shorts;126;120
2027-02-14;Paz;Pazar Akşamı;;Telefonsuz akşam;Bu akşam bir saat telefonsuz. Sadece bir saat.;öğrenci;tek-cumle;;kesin;Gerçeklik;İkinci dönem, başvuru ayı, Ramazan. Sınav artık gerçek.;gün batımı 18:18;18:18;ramazan;20:18;20:48;19:48;#yks2027 #yks #sınavkaygısı #pazarakşamı #eğitimkoçluğu;#yks2027 #yks #sınavkaygısı #pazarakşamı #keşfet;#yks2027 #sınavkaygısı #Shorts;125;119
2027-02-15;Pzt;Haftanın Planı;;Deneme haftası planı;Deneme olan hafta yeni konu açma.;öğrenci;kart-liste;;kesin;Gerçeklik;İkinci dönem, başvuru ayı, Ramazan. Sınav artık gerçek.;gün batımı 18:19;18:19;ramazan;20:19;20:49;19:49;#yks2027 #yks #çalışmaplanı #planlıçalışma #eğitimkoçluğu;#yks2027 #yks #çalışmaplanı #planlıçalışma #keşfet;#yks2027 #çalışmaplanı #Shorts;124;118
2027-02-16;Sal;Ders Taktiği;Geometri;Yardımcı çizgi;Takıldın mı? Bir yardımcı çizgi çek: dikme ya da paralel.;öğrenci;soru-cozum;;kesin;Gerçeklik;İkinci dönem, başvuru ayı, Ramazan. Sınav artık gerçek.;gün batımı 18:20;18:20;ramazan;20:20;20:50;19:50;#yks2027 #yks #geometri #tytkampı #eğitimkoçluğu;#yks2027 #yks #geometri #tytkampı #keşfet;#yks2027 #geometri #Shorts;123;117
2027-02-17;Çar;Aynı Hafta;;Ezberim uçuyor;Tarihi çalışıyorum, iki gün sonra hiçbir şey kalmıyor.;öğrenci;yazisma;;kesin;Gerçeklik;İkinci dönem, başvuru ayı, Ramazan. Sınav artık gerçek.;gün batımı 18:21;18:21;ramazan;20:21;20:51;19:51;#yks2027 #yks #yksmotivasyon #sınavkaygısı #eğitimkoçluğu;#yks2027 #yks #yksmotivasyon #sınavkaygısı #keşfet;#yks2027 #yksmotivasyon #Shorts;122;116
2027-02-18;Per;Veli Köşesi;;Öğretmenle iletişim;Rehber öğretmenle ne zaman görüşmeli?;veli;kart-veli;;kesin;Gerçeklik;İkinci dönem, başvuru ayı, Ramazan. Sınav artık gerçek.;gün batımı 18:22;18:22;ramazan;20:22;20:52;19:52;#yks2027 #lgs #ebeveyn #mersin #eğitimkoçluğu;#yks2027 #lgs #ebeveyn #mersin #keşfet;#yks2027 #ebeveyn #Shorts;121;115
2027-02-19;Cum;Doğru Bilinen Yanlışlar;;Koç = öğretmen;Koç ders anlatmaz. Seni takip eder.;öğrenci;efsane-gercek;;kesin;Gerçeklik;İkinci dönem, başvuru ayı, Ramazan. Sınav artık gerçek.;gün batımı 18:23;18:23;ramazan;20:23;20:53;19:53;#yks2027 #yks #çalışmayöntemleri #bilgi #eğitimkoçluğu;#yks2027 #yks #çalışmayöntemleri #bilgi #keşfet;#yks2027 #çalışmayöntemleri #Shorts;120;114
2027-02-20;Cmt;Deneme Günü;;Deneme karşılaştırma;Kendinle karşılaştır. Arkadaşınla değil.;öğrenci;kart-liste;;kesin;Gerçeklik;İkinci dönem, başvuru ayı, Ramazan. Sınav artık gerçek.;gün batımı 18:24;18:24;ramazan;20:24;20:54;19:54;#yks2027 #yks #tytdeneme #denemeanalizi #eğitimkoçluğu;#yks2027 #yks #tytdeneme #denemeanalizi #keşfet;#yks2027 #tytdeneme #Shorts;119;113
2027-02-21;Paz;Pazar Akşamı;;İyi ki çalıştın;Yorgunsan, çalıştığın içindir.;öğrenci;tek-cumle;;kesin;Gerçeklik;İkinci dönem, başvuru ayı, Ramazan. Sınav artık gerçek.;gün batımı 18:25;18:25;ramazan;20:25;20:55;19:55;#yks2027 #yks #pazarakşamı #yksmotivasyon #eğitimkoçluğu;#yks2027 #yks #pazarakşamı #yksmotivasyon #keşfet;#yks2027 #pazarakşamı #Shorts;118;112
2027-02-22;Pzt;Haftanın Planı;;Plan ile program farkı;Program okulun. Plan senin. İkisini karıştırma.;öğrenci;kart-liste;;kesin;Gerçeklik;İkinci dönem, başvuru ayı, Ramazan. Sınav artık gerçek.;gün batımı 18:26;18:26;ramazan;20:26;20:56;19:56;#yks2027 #yks #planlıçalışma #zamanyönetimi #eğitimkoçluğu;#yks2027 #yks #planlıçalışma #zamanyönetimi #keşfet;#yks2027 #planlıçalışma #Shorts;117;111
2027-02-23;Sal;Ders Taktiği;TYT Matematik;Oran orantı;Oran sorusunda k kullan. Karmaşa biter.;öğrenci;soru-cozum;;kesin;Gerçeklik;İkinci dönem, başvuru ayı, Ramazan. Sınav artık gerçek.;gün batımı 18:27;18:27;ramazan;20:27;20:57;19:57;#yks2027 #yks #matematik #konuanlatımı #eğitimkoçluğu;#yks2027 #yks #matematik #konuanlatımı #keşfet;#yks2027 #matematik #Shorts;116;110
2027-02-24;Çar;Aynı Hafta;;Kardeşim gürültü;Evde çalışacak sessiz yer yok.;öğrenci;yazisma;;kesin;Gerçeklik;İkinci dönem, başvuru ayı, Ramazan. Sınav artık gerçek.;gün batımı 18:28;18:28;ramazan;20:28;20:58;19:58;#yks2027 #yks #sınavkaygısı #öğrenci #eğitimkoçluğu;#yks2027 #yks #sınavkaygısı #öğrenci #keşfet;#yks2027 #sınavkaygısı #Shorts;115;109
2027-02-25;Per;Veli Köşesi;;Ekran süresi;Telefon yasak değil. Saatli.;veli;kart-veli;;kesin;Gerçeklik;İkinci dönem, başvuru ayı, Ramazan. Sınav artık gerçek.;gün batımı 18:29;18:29;ramazan;20:29;20:59;19:59;#yks2027 #lgs #anneyiz #mersin #eğitimkoçluğu;#yks2027 #lgs #anneyiz #mersin #keşfet;#yks2027 #anneyiz #Shorts;114;108
2027-02-26;Cum;Doğru Bilinen Yanlışlar;;Yanlış soruya bakılmaz;Yanlış sorun, bir sonraki doğrun.;öğrenci;efsane-gercek;;kesin;Gerçeklik;İkinci dönem, başvuru ayı, Ramazan. Sınav artık gerçek.;gün batımı 18:30;18:30;ramazan;20:30;21:00;20:00;#yks2027 #yks #bilgi #verimliçalışma #eğitimkoçluğu;#yks2027 #yks #bilgi #verimliçalışma #keşfet;#yks2027 #bilgi #Shorts;113;107
2027-02-27;Cmt;Deneme Günü;;Konu eksiği mi, dikkat mi;Yanlışını ikiye ayır: bilmediğim, dikkatsizlik.;öğrenci;kart-liste;;kesin;Gerçeklik;İkinci dönem, başvuru ayı, Ramazan. Sınav artık gerçek.;gün batımı 18:31;18:31;ramazan;20:31;21:01;20:01;#yks2027 #yks #denemeanalizi #türkiyegenelideneme #eğitimkoçluğu;#yks2027 #yks #denemeanalizi #türkiyegenelideneme #keşfet;#yks2027 #denemeanalizi #Shorts;112;106
2027-02-28;Paz;Pazar Akşamı;;Pes etmek istemek;Bırakmak istemek normal. Bırakmamak da seçim.;öğrenci;tek-cumle;;kesin;Gerçeklik;İkinci dönem, başvuru ayı, Ramazan. Sınav artık gerçek.;gün batımı 18:32;18:32;ramazan;20:32;21:02;20:02;#yks2027 #yks #yksmotivasyon #psikoloji #eğitimkoçluğu;#yks2027 #yks #yksmotivasyon #psikoloji #keşfet;#yks2027 #yksmotivasyon #Shorts;111;105
2027-03-01;Pzt;Haftanın Planı;;Sınavdan geriye plan;Sınavdan geriye say: bu hafta hangi dilimdesin?;öğrenci;kart-liste;;kesin;Bahar ve 100 gün;Işık artıyor, bayram ve 100 gün eşiği. Tempo artar.;gün batımı 18:33;18:33;ramazan;20:33;21:03;20:03;#yks2027 #yks #zamanyönetimi #dersprogramı #eğitimkoçluğu;#yks2027 #yks #zamanyönetimi #dersprogramı #keşfet;#yks2027 #zamanyönetimi #Shorts;110;104
2027-03-02;Sal;Ders Taktiği;Tarih;Neden–sonuç zinciri;Tarih sorusu ‘neden’ sorar. Olayı değil sebebi bil.;öğrenci;soru-cozum;;kesin;Bahar ve 100 gün;Işık artıyor, bayram ve 100 gün eşiği. Tempo artar.;gün batımı 18:34;18:34;ramazan;20:34;21:04;20:04;#yks2027 #yks #tarih #sorubankası #eğitimkoçluğu;#yks2027 #yks #tarih #sorubankası #keşfet;#yks2027 #tarih #Shorts;109;103
2027-03-03;Çar;Aynı Hafta;;Bayram çalışması;Bayramda çalışmazsam geri kalır mıyım?;öğrenci;yazisma;;kesin;Bahar ve 100 gün;Işık artıyor, bayram ve 100 gün eşiği. Tempo artar.;gün batımı 18:35;18:35;ramazan;20:35;21:05;20:05;#yks2027 #yks #öğrenci #öğrencihayatı #eğitimkoçluğu;#yks2027 #yks #öğrenci #öğrencihayatı #keşfet;#yks2027 #öğrenci #Shorts;108;102
2027-03-04;Per;Veli Köşesi;;Bayram ziyaretleri;‘Kaç net yapıyorsun?’ sorusundan çocuğunuzu koruyun.;veli;kart-veli;;kesin;Bahar ve 100 gün;Işık artıyor, bayram ve 100 gün eşiği. Tempo artar.;gün batımı 18:36;18:36;ramazan;20:36;21:06;20:06;#yks2027 #lgs #velirehberi #mersin #eğitimkoçluğu;#yks2027 #lgs #velirehberi #mersin #keşfet;#yks2027 #velirehberi #Shorts;107;101
2027-03-05;Cum;Doğru Bilinen Yanlışlar;;Bayramda çalışılmaz;Bayramda çalışmamak geri bırakmaz. Hiç dönmemek bırakır.;öğrenci;efsane-gercek;;kesin;Bahar ve 100 gün;Işık artıyor, bayram ve 100 gün eşiği. Tempo artar.;gün batımı 18:37;18:37;ramazan;20:37;21:07;20:07;#yks2027 #yks #verimliçalışma #dersçalışma #eğitimkoçluğu;#yks2027 #yks #verimliçalışma #dersçalışma #keşfet;#yks2027 #verimliçalışma #Shorts;106;100
2027-03-06;Cmt;Deneme Günü;;Bayram denemesi;Uzun tatilin bir gününü deneme günü yap.;öğrenci;kart-liste;;kesin;Bahar ve 100 gün;Işık artıyor, bayram ve 100 gün eşiği. Tempo artar.;gün batımı 18:38;18:38;ramazan;20:38;21:08;20:08;#yks2027 #yks #türkiyegenelideneme #denemesınavı #eğitimkoçluğu;#yks2027 #yks #türkiyegenelideneme #denemesınavı #keşfet;#yks2027 #türkiyegenelideneme #Shorts;105;99
2027-03-07;Paz;Pazar Akşamı;;Yavaş ilerleme;Yavaş ilerlemek, durmaktan iyidir.;öğrenci;tek-cumle;;kesin;Bahar ve 100 gün;Işık artıyor, bayram ve 100 gün eşiği. Tempo artar.;gün batımı 18:39;18:39;ramazan;20:39;21:09;20:09;#yks2027 #yks #psikoloji #motivasyon #eğitimkoçluğu;#yks2027 #yks #psikoloji #motivasyon #keşfet;#yks2027 #psikoloji #Shorts;104;98
2027-03-08;Pzt;Özel Gün;;Arife ve ara tatil;Bayram ve ara tatil birleşti. Her gün 1 saat kural.;öğrenci;tek-cumle;;tahmini;Bahar ve 100 gün;Işık artıyor, bayram ve 100 gün eşiği. Tempo artar.;gün batımı 18:40;18:40;ramazan;20:40;21:10;20:10;#yks2027 #yks #eğitim #öğrenci #eğitimkoçluğu;#yks2027 #yks #eğitim #öğrenci #keşfet;#yks2027 #eğitim #Shorts;103;97
2027-03-09;Sal;Özel Gün;;Ramazan Bayramı;Bayramınız mübarek olsun.;herkes;tek-cumle;;tahmini;Bahar ve 100 gün;Işık artıyor, bayram ve 100 gün eşiği. Tempo artar.;gün batımı 18:41;18:41;bayram;11:00;13:00;11:00;#yks2027 #yks #eğitim #öğrenci #eğitimkoçluğu;#yks2027 #yks #eğitim #öğrenci #keşfet;#yks2027 #eğitim #Shorts;102;96
2027-03-10;Çar;Aynı Hafta;;Son 100 gün paniği;100 gün kalmış. Hiçbir şey yetişmeyecek.;öğrenci;yazisma;;kesin;Bahar ve 100 gün;Işık artıyor, bayram ve 100 gün eşiği. Tempo artar.;gün batımı 18:42;18:42;bayram;11:00;13:00;11:00;#yks2027 #yks #öğrencihayatı #sınavstresi #eğitimkoçluğu;#yks2027 #yks #öğrencihayatı #sınavstresi #keşfet;#yks2027 #öğrencihayatı #Shorts;101;95
2027-03-11;Per;Özel Gün;;YKS'ye 100 gün;100 gün. Yeni konu değil, tekrar zamanı başlıyor.;öğrenci;tek-cumle;;tahmini;Bahar ve 100 gün;Işık artıyor, bayram ve 100 gün eşiği. Tempo artar.;gün batımı 18:43;18:43;bayram;11:00;13:00;11:00;#yks2027 #yks #eğitim #mersin #eğitimkoçluğu;#yks2027 #yks #eğitim #mersin #keşfet;#yks2027 #eğitim #Shorts;100;94
2027-03-12;Cum;Doğru Bilinen Yanlışlar;;Uyku kaybıdır;Uyku, ezberin kaydedildiği saattir.;öğrenci;efsane-gercek;;kesin;Bahar ve 100 gün;Işık artıyor, bayram ve 100 gün eşiği. Tempo artar.;gün batımı 18:44;18:44;tatil;21:30;22:30;20:30;#yks2027 #yks #dersçalışma #doğrubilinenyanlışlar #eğitimkoçluğu;#yks2027 #yks #dersçalışma #doğrubilinenyanlışlar #keşfet;#yks2027 #dersçalışma #Shorts;99;93
2027-03-13;Cmt;Deneme Günü;;Deneme sonrası ödül;Deneme bitince 1 saat tamamen boş. Hak ettin.;öğrenci;kart-liste;;kesin;Bahar ve 100 gün;Işık artıyor, bayram ve 100 gün eşiği. Tempo artar.;gün batımı 18:45;18:45;tatil;21:30;22:30;20:30;#yks2027 #yks #denemesınavı #netartırma #eğitimkoçluğu;#yks2027 #yks #denemesınavı #netartırma #keşfet;#yks2027 #denemesınavı #Shorts;98;92
2027-03-14;Paz;Pazar Akşamı;;Kendini affet;Bu hafta yapmadıkların için kendini affet. Yarın var.;öğrenci;tek-cumle;;kesin;Bahar ve 100 gün;Işık artıyor, bayram ve 100 gün eşiği. Tempo artar.;gün batımı 18:45;18:45;tatil;21:30;22:30;20:30;#yks2027 #yks #motivasyon #sınavkaygısı #eğitimkoçluğu;#yks2027 #yks #motivasyon #sınavkaygısı #keşfet;#yks2027 #motivasyon #Shorts;97;91
2027-03-15;Pzt;Haftanın Planı;;Kırmızı kutular;Yapılmayan iş silinmez. Taşınır ya da küçülür.;öğrenci;kart-liste;;kesin;Bahar ve 100 gün;Işık artıyor, bayram ve 100 gün eşiği. Tempo artar.;gün batımı 18:46;18:46;okul;20:30;21:30;19:30;#yks2027 #yks #verimliçalışma #çalışmaplanı #eğitimkoçluğu;#yks2027 #yks #verimliçalışma #çalışmaplanı #keşfet;#yks2027 #verimliçalışma #Shorts;96;90
2027-03-16;Sal;Ders Taktiği;Felsefe;Filozof–kavram eşlemesi;Felsefede kavramı filozofun ağzından cümleyle ezberle.;öğrenci;soru-cozum;;kesin;Bahar ve 100 gün;Işık artıyor, bayram ve 100 gün eşiği. Tempo artar.;gün batımı 18:47;18:47;okul;20:30;21:30;19:30;#yks2027 #yks #felsefe #derstaktikleri #eğitimkoçluğu;#yks2027 #yks #felsefe #derstaktikleri #keşfet;#yks2027 #felsefe #Shorts;95;89
2027-03-17;Çar;Aynı Hafta;;Dershane mi, evden mi;Arkadaşlar etüde gidiyor. Ben de gitmeli miyim?;öğrenci;yazisma;;kesin;Bahar ve 100 gün;Işık artıyor, bayram ve 100 gün eşiği. Tempo artar.;gün batımı 18:48;18:48;okul;20:30;21:30;19:30;#yks2027 #yks #sınavstresi #yksmotivasyon #eğitimkoçluğu;#yks2027 #yks #sınavstresi #yksmotivasyon #keşfet;#yks2027 #sınavstresi #Shorts;94;88
2027-03-18;Per;Veli Köşesi;;Hedef konuşması;Çocuğunuzun hedefi mi, sizin hedefiniz mi?;veli;kart-veli;;kesin;Bahar ve 100 gün;Işık artıyor, bayram ve 100 gün eşiği. Tempo artar.;gün batımı 18:49;18:49;veli;21:00;20:30;20:00;#yks2027 #lgs #sınavyılı #mersin #eğitimkoçluğu;#yks2027 #lgs #sınavyılı #mersin #keşfet;#yks2027 #sınavyılı #Shorts;93;87
2027-03-19;Cum;Doğru Bilinen Yanlışlar;;Sosyal hayat bitmeli;Arkadaşsız bir yıl, verimli bir yıl değil.;öğrenci;efsane-gercek;;kesin;Bahar ve 100 gün;Işık artıyor, bayram ve 100 gün eşiği. Tempo artar.;gün batımı 18:50;18:50;okul;20:30;21:30;19:30;#yks2027 #yks #doğrubilinenyanlışlar #çalışmayöntemleri #eğitimkoçluğu;#yks2027 #yks #doğrubilinenyanlışlar #çalışmayöntemleri #keşfet;#yks2027 #doğrubilinenyanlışlar #Shorts;92;86
2027-03-20;Cmt;Deneme Günü;;Zor deneme;Deneme zordu. Herkes için zordu.;öğrenci;kart-liste;;kesin;Bahar ve 100 gün;Işık artıyor, bayram ve 100 gün eşiği. Tempo artar.;gün batımı 18:51;18:51;cumartesi;13:00;14:30;12:30;#yks2027 #yks #netartırma #tytdeneme #eğitimkoçluğu;#yks2027 #yks #netartırma #tytdeneme #keşfet;#yks2027 #netartırma #Shorts;91;85
2027-03-21;Paz;Özel Gün;;Gün geceyi geçti;Bugünden sonra gündüz geceden uzun. Işık senden yana.;öğrenci;tek-cumle;;kesin;Bahar ve 100 gün;Işık artıyor, bayram ve 100 gün eşiği. Tempo artar.;gün batımı 18:52;18:52;pazar;20:00;21:00;19:00;#yks2027 #yks #öğrenci #yks #eğitimkoçluğu;#yks2027 #yks #öğrenci #yks #keşfet;#yks2027 #öğrenci #Shorts;90;84
2027-03-22;Pzt;Haftanın Planı;;Sabah 20 dakika;Okuldan önce 20 dakika paragraf. Günün en kolay kazancı.;öğrenci;kart-liste;;kesin;Bahar ve 100 gün;Işık artıyor, bayram ve 100 gün eşiği. Tempo artar.;gün batımı 18:53;18:53;okul;20:30;21:30;19:30;#yks2027 #yks #çalışmaplanı #planlıçalışma #eğitimkoçluğu;#yks2027 #yks #çalışmaplanı #planlıçalışma #keşfet;#yks2027 #çalışmaplanı #Shorts;89;83
2027-03-23;Sal;Ders Taktiği;AYT Matematik;Limitte belirsizlik;0/0 gördüysen çarpanlara ayır. İlk refleks bu.;öğrenci;soru-cozum;;kesin;Bahar ve 100 gün;Işık artıyor, bayram ve 100 gün eşiği. Tempo artar.;gün batımı 18:54;18:54;okul;20:30;21:30;19:30;#yks2027 #yks #matematik #tytkampı #eğitimkoçluğu;#yks2027 #yks #matematik #tytkampı #keşfet;#yks2027 #matematik #Shorts;88;82
2027-03-24;Çar;Aynı Hafta;;Hafta sonu kaçtı;Hafta sonu hiç çalışmadım, pazartesi utanıyorum.;öğrenci;yazisma;;kesin;Bahar ve 100 gün;Işık artıyor, bayram ve 100 gün eşiği. Tempo artar.;gün batımı 18:54;18:54;okul;20:30;21:30;19:30;#yks2027 #yks #yksmotivasyon #sınavkaygısı #eğitimkoçluğu;#yks2027 #yks #yksmotivasyon #sınavkaygısı #keşfet;#yks2027 #yksmotivasyon #Shorts;87;81
2027-03-25;Per;Veli Köşesi;;Kötü gün;Çocuğunuz ‘bugün hiç çalışmadım’ dedi. Ne diyeceksiniz?;veli;kart-veli;;kesin;Bahar ve 100 gün;Işık artıyor, bayram ve 100 gün eşiği. Tempo artar.;gün batımı 18:55;18:55;veli;21:00;20:30;20:00;#yks2027 #lgs #ebeveyn #mersin #eğitimkoçluğu;#yks2027 #lgs #ebeveyn #mersin #keşfet;#yks2027 #ebeveyn #Shorts;86;80
2027-03-26;Cum;Doğru Bilinen Yanlışlar;;Paragraf yeteneğe bağlı;Paragraf yetenek değil, antrenman.;öğrenci;efsane-gercek;;kesin;Bahar ve 100 gün;Işık artıyor, bayram ve 100 gün eşiği. Tempo artar.;gün batımı 18:56;18:56;okul;20:30;21:30;19:30;#yks2027 #yks #çalışmayöntemleri #bilgi #eğitimkoçluğu;#yks2027 #yks #çalışmayöntemleri #bilgi #keşfet;#yks2027 #çalışmayöntemleri #Shorts;85;79
2027-03-27;Cmt;Deneme Günü;;Paragraf süresi;Denemede paragrafa kaç dakika ayırdın? Ölç.;öğrenci;kart-liste;;kesin;Bahar ve 100 gün;Işık artıyor, bayram ve 100 gün eşiği. Tempo artar.;gün batımı 18:57;18:57;cumartesi;13:00;14:30;12:30;#yks2027 #yks #tytdeneme #denemeanalizi #eğitimkoçluğu;#yks2027 #yks #tytdeneme #denemeanalizi #keşfet;#yks2027 #tytdeneme #Shorts;84;78
2027-03-28;Paz;Pazar Akşamı;;Plan hazırlığı;Yarının ilk işini bu akşam belirle.;öğrenci;tek-cumle;;kesin;Bahar ve 100 gün;Işık artıyor, bayram ve 100 gün eşiği. Tempo artar.;gün batımı 18:58;18:58;pazar;20:00;21:00;19:00;#yks2027 #yks #pazarakşamı #yksmotivasyon #eğitimkoçluğu;#yks2027 #yks #pazarakşamı #yksmotivasyon #keşfet;#yks2027 #pazarakşamı #Shorts;83;77
2027-03-29;Pzt;Haftanın Planı;;Yatmadan 10 dakika;Yatmadan önce 10 dakika: bugün yanlış yaptığın 3 soru.;öğrenci;kart-liste;;kesin;Bahar ve 100 gün;Işık artıyor, bayram ve 100 gün eşiği. Tempo artar.;gün batımı 18:59;18:59;okul;20:30;21:30;19:30;#yks2027 #yks #planlıçalışma #zamanyönetimi #eğitimkoçluğu;#yks2027 #yks #planlıçalışma #zamanyönetimi #keşfet;#yks2027 #planlıçalışma #Shorts;82;76
2027-03-30;Sal;Ders Taktiği;LGS Türkçe;Grafik yorumlama;Grafik sorusunda önce eksenleri oku, sonra çizgiyi.;öğrenci;soru-cozum;;kesin;Bahar ve 100 gün;Işık artıyor, bayram ve 100 gün eşiği. Tempo artar.;gün batımı 19:00;19:00;okul;20:30;21:30;19:30;#lgs2027 #lgs #türkçe #konuanlatımı #eğitimkoçluğu;#lgs2027 #lgs #türkçe #konuanlatımı #keşfet;#lgs2027 #türkçe #Shorts;81;75
2027-03-31;Çar;Aynı Hafta;;Net takıldı;3 haftadır netim aynı. Artmıyor.;öğrenci;yazisma;;kesin;Bahar ve 100 gün;Işık artıyor, bayram ve 100 gün eşiği. Tempo artar.;gün batımı 19:00;19:00;okul;20:30;21:30;19:30;#yks2027 #yks #sınavkaygısı #öğrenci #eğitimkoçluğu;#yks2027 #yks #sınavkaygısı #öğrenci #keşfet;#yks2027 #sınavkaygısı #Shorts;80;74
2027-04-01;Per;Veli Köşesi;;Deneme maliyeti;Her hafta deneme almak şart mı?;veli;kart-veli;;kesin;Bahar yorgunluğu;Hava güzel, masa zor. Net platosu. Sabır tonu.;gün batımı 19:01;19:01;veli;21:00;20:30;20:00;#yks2027 #lgs #anneyiz #mersin #eğitimkoçluğu;#yks2027 #lgs #anneyiz #mersin #keşfet;#yks2027 #anneyiz #Shorts;79;73
2027-04-02;Cum;Doğru Bilinen Yanlışlar;;Son ay her şeyi değiştirir;‘Son ay asılırım.’ Son ay tekrar içindir.;öğrenci;efsane-gercek;;kesin;Bahar yorgunluğu;Hava güzel, masa zor. Net platosu. Sabır tonu.;gün batımı 19:02;19:02;okul;20:30;21:30;19:30;#yks2027 #yks #bilgi #verimliçalışma #eğitimkoçluğu;#yks2027 #yks #bilgi #verimliçalışma #keşfet;#yks2027 #bilgi #Shorts;78;72
2027-04-03;Cmt;Deneme Günü;;Sınav provası;Bu cumartesi gerçek sınav saatinde başla: 10.15.;öğrenci;kart-liste;;kesin;Bahar yorgunluğu;Hava güzel, masa zor. Net platosu. Sabır tonu.;gün batımı 19:03;19:03;cumartesi;13:00;14:30;12:30;#yks2027 #yks #denemeanalizi #türkiyegenelideneme #eğitimkoçluğu;#yks2027 #yks #denemeanalizi #türkiyegenelideneme #keşfet;#yks2027 #denemeanalizi #Shorts;77;71
2027-04-04;Paz;Pazar Akşamı;;Bahar huzursuzluğu;Hava güzelleşince dışarısı çağırır. 1 saat git, dön.;öğrenci;tek-cumle;;kesin;Bahar yorgunluğu;Hava güzel, masa zor. Net platosu. Sabır tonu.;gün batımı 19:04;19:04;pazar;20:00;21:00;19:00;#yks2027 #yks #yksmotivasyon #psikoloji #eğitimkoçluğu;#yks2027 #yks #yksmotivasyon #psikoloji #keşfet;#yks2027 #yksmotivasyon #Shorts;76;70
2027-04-05;Pzt;Haftanın Planı;;Konu bitirme yanılgısı;Konu bitmez. Soru çözdükçe biter.;öğrenci;kart-liste;;kesin;Bahar yorgunluğu;Hava güzel, masa zor. Net platosu. Sabır tonu.;gün batımı 19:05;19:05;okul;20:30;21:30;19:30;#yks2027 #yks #zamanyönetimi #dersprogramı #eğitimkoçluğu;#yks2027 #yks #zamanyönetimi #dersprogramı #keşfet;#yks2027 #zamanyönetimi #Shorts;75;69
2027-04-06;Sal;Ders Taktiği;Fizik;Elektrikte eşdeğer direnç;Devreyi yeniden çiz. Karışık devre sadeleşir.;öğrenci;soru-cozum;;kesin;Bahar yorgunluğu;Hava güzel, masa zor. Net platosu. Sabır tonu.;gün batımı 19:06;19:06;okul;20:30;21:30;19:30;#yks2027 #yks #fizik #sorubankası #eğitimkoçluğu;#yks2027 #yks #fizik #sorubankası #keşfet;#yks2027 #fizik #Shorts;74;68
2027-04-07;Çar;Aynı Hafta;;Bahar yorgunluğu;Hava ısındı, masaya oturmak işkence.;öğrenci;yazisma;;kesin;Bahar yorgunluğu;Hava güzel, masa zor. Net platosu. Sabır tonu.;gün batımı 19:06;19:06;okul;20:30;21:30;19:30;#yks2027 #yks #öğrenci #öğrencihayatı #eğitimkoçluğu;#yks2027 #yks #öğrenci #öğrencihayatı #keşfet;#yks2027 #öğrenci #Shorts;73;67
2027-04-08;Per;Veli Köşesi;;Kardeşler;Sınava hazırlanan çocuk ve küçük kardeş: evde denge.;veli;kart-veli;;kesin;Bahar yorgunluğu;Hava güzel, masa zor. Net platosu. Sabır tonu.;gün batımı 19:07;19:07;veli;21:00;20:30;20:00;#yks2027 #lgs #velirehberi #mersin #eğitimkoçluğu;#yks2027 #lgs #velirehberi #mersin #keşfet;#yks2027 #velirehberi #Shorts;72;66
2027-04-09;Cum;Doğru Bilinen Yanlışlar;;Matematik kafası;‘Benim matematik kafam yok.’ Kafası yok, tekrarı yok.;öğrenci;efsane-gercek;;kesin;Bahar yorgunluğu;Hava güzel, masa zor. Net platosu. Sabır tonu.;gün batımı 19:08;19:08;okul;20:30;21:30;19:30;#yks2027 #yks #verimliçalışma #dersçalışma #eğitimkoçluğu;#yks2027 #yks #verimliçalışma #dersçalışma #keşfet;#yks2027 #verimliçalışma #Shorts;71;65
2027-04-10;Cmt;Deneme Günü;;Deneme sonucu paylaşmak;Netini herkese söylemek zorunda değilsin.;öğrenci;kart-liste;;kesin;Bahar yorgunluğu;Hava güzel, masa zor. Net platosu. Sabır tonu.;gün batımı 19:09;19:09;cumartesi;13:00;14:30;12:30;#yks2027 #yks #türkiyegenelideneme #denemesınavı #eğitimkoçluğu;#yks2027 #yks #türkiyegenelideneme #denemesınavı #keşfet;#yks2027 #türkiyegenelideneme #Shorts;70;64
2027-04-11;Paz;Pazar Akşamı;;Sınav yaklaşırken;Sınav yaklaştıkça zaman hızlanır gibi olur. Aynı hızda.;öğrenci;tek-cumle;;kesin;Bahar yorgunluğu;Hava güzel, masa zor. Net platosu. Sabır tonu.;gün batımı 19:10;19:10;pazar;20:00;21:00;19:00;#yks2027 #yks #psikoloji #motivasyon #eğitimkoçluğu;#yks2027 #yks #psikoloji #motivasyon #keşfet;#yks2027 #psikoloji #Shorts;69;63
2027-04-12;Pzt;Haftanın Planı;;Haftalık net hedefi;Bu hafta +1 net. Sadece bir. Ama gerçek.;öğrenci;kart-liste;;kesin;Bahar yorgunluğu;Hava güzel, masa zor. Net platosu. Sabır tonu.;gün batımı 19:11;19:11;okul;20:30;21:30;19:30;#yks2027 #yks #dersprogramı #verimliçalışma #eğitimkoçluğu;#yks2027 #yks #dersprogramı #verimliçalışma #keşfet;#yks2027 #dersprogramı #Shorts;68;62
2027-04-13;Sal;Ders Taktiği;Kimya;Tepkime denkleştirme;Önce en karmaşık molekülden başla.;öğrenci;soru-cozum;;kesin;Bahar yorgunluğu;Hava güzel, masa zor. Net platosu. Sabır tonu.;gün batımı 19:12;19:12;okul;20:30;21:30;19:30;#yks2027 #yks #kimya #soruçözümü #eğitimkoçluğu;#yks2027 #yks #kimya #soruçözümü #keşfet;#yks2027 #kimya #Shorts;67;61
2027-04-14;Çar;Aynı Hafta;;Kıyaslanmak;Babam kuzenimle kıyaslıyor.;öğrenci;yazisma;;kesin;Bahar yorgunluğu;Hava güzel, masa zor. Net platosu. Sabır tonu.;gün batımı 19:12;19:12;okul;20:30;21:30;19:30;#yks2027 #yks #öğrencihayatı #sınavstresi #eğitimkoçluğu;#yks2027 #yks #öğrencihayatı #sınavstresi #keşfet;#yks2027 #öğrencihayatı #Shorts;66;60
2027-04-15;Per;Veli Köşesi;;Övgü;‘Aferin, zekisin’ yerine ‘aferin, çalıştın’.;veli;kart-veli;;kesin;Bahar yorgunluğu;Hava güzel, masa zor. Net platosu. Sabır tonu.;gün batımı 19:13;19:13;veli;21:00;20:30;20:00;#yks2027 #lgs #veli #mersin #eğitimkoçluğu;#yks2027 #lgs #veli #mersin #keşfet;#yks2027 #veli #Shorts;65;59
2027-04-16;Cum;Doğru Bilinen Yanlışlar;;Herkes 14 saat çalışıyor;Sosyal medyadaki masa fotoğrafı gerçek bir gün değil.;öğrenci;efsane-gercek;;kesin;Bahar yorgunluğu;Hava güzel, masa zor. Net platosu. Sabır tonu.;gün batımı 19:14;19:14;okul;20:30;21:30;19:30;#yks2027 #yks #dersçalışma #doğrubilinenyanlışlar #eğitimkoçluğu;#yks2027 #yks #dersçalışma #doğrubilinenyanlışlar #keşfet;#yks2027 #dersçalışma #Shorts;64;58
2027-04-17;Cmt;Deneme Günü;;Yorgun deneme;Yorgunken çözülen deneme, yorgunluğu ölçer.;öğrenci;kart-liste;;kesin;Bahar yorgunluğu;Hava güzel, masa zor. Net platosu. Sabır tonu.;gün batımı 19:15;19:15;cumartesi;13:00;14:30;12:30;#yks2027 #yks #denemesınavı #netartırma #eğitimkoçluğu;#yks2027 #yks #denemesınavı #netartırma #keşfet;#yks2027 #denemesınavı #Shorts;63;57
2027-04-18;Paz;Pazar Akşamı;;Gurur;Kendinle gurur duyduğun bir şey söyle.;öğrenci;tek-cumle;;kesin;Bahar yorgunluğu;Hava güzel, masa zor. Net platosu. Sabır tonu.;gün batımı 19:16;19:16;pazar;20:00;21:00;19:00;#yks2027 #yks #motivasyon #sınavkaygısı #eğitimkoçluğu;#yks2027 #yks #motivasyon #sınavkaygısı #keşfet;#yks2027 #motivasyon #Shorts;62;56
2027-04-19;Pzt;Haftanın Planı;;Ders geçişleri;Sayısaldan sonra sözel: beyin dinlenir, sen çalışırsın.;öğrenci;kart-liste;;kesin;Bahar yorgunluğu;Hava güzel, masa zor. Net platosu. Sabır tonu.;gün batımı 19:17;19:17;okul;20:30;21:30;19:30;#yks2027 #yks #verimliçalışma #çalışmaplanı #eğitimkoçluğu;#yks2027 #yks #verimliçalışma #çalışmaplanı #keşfet;#yks2027 #verimliçalışma #Shorts;61;55
2027-04-20;Sal;Ders Taktiği;Biyoloji;Kalıtımda çaprazlama;Çaprazlamada tablo kur, tahmin yürütme.;öğrenci;soru-cozum;;kesin;Bahar yorgunluğu;Hava güzel, masa zor. Net platosu. Sabır tonu.;gün batımı 19:18;19:18;okul;20:30;21:30;19:30;#yks2027 #yks #biyoloji #derstaktikleri #eğitimkoçluğu;#yks2027 #yks #biyoloji #derstaktikleri #keşfet;#yks2027 #biyoloji #Shorts;60;54
2027-04-21;Çar;Aynı Hafta;;Her şeyi bıraktım;Futbolu bıraktım, yine de yetmiyor.;öğrenci;yazisma;;kesin;Bahar yorgunluğu;Hava güzel, masa zor. Net platosu. Sabır tonu.;gün batımı 19:18;19:18;okul;20:30;21:30;19:30;#yks2027 #yks #sınavstresi #yksmotivasyon #eğitimkoçluğu;#yks2027 #yks #sınavstresi #yksmotivasyon #keşfet;#yks2027 #sınavstresi #Shorts;59;53
2027-04-22;Per;Veli Köşesi;;Sessizlik;Çocuğunuz konuşmuyorsa, sorunu sorularla değil zamanla açın.;veli;kart-veli;;kesin;Bahar yorgunluğu;Hava güzel, masa zor. Net platosu. Sabır tonu.;gün batımı 19:19;19:19;veli;21:00;20:30;20:00;#yks2027 #lgs #sınavyılı #mersin #eğitimkoçluğu;#yks2027 #lgs #sınavyılı #mersin #keşfet;#yks2027 #sınavyılı #Shorts;58;52
2027-04-23;Cum;Özel Gün;;23 Nisan;23 Nisan kutlu olsun. LGS'ye hazırlanan çocuklarımıza.;herkes;tek-cumle;;kesin;Bahar yorgunluğu;Hava güzel, masa zor. Net platosu. Sabır tonu.;gün batımı 19:20;19:20;tatil;21:30;22:30;20:30;#yks2027 #yks #yks #motivasyon #eğitimkoçluğu;#yks2027 #yks #yks #motivasyon #keşfet;#yks2027 #yks #Shorts;57;51
2027-04-24;Cmt;Deneme Günü;;Kalem ve silgi;Sınav günü hangi kalemi kullanacağını bugünden seç.;öğrenci;kart-liste;;kesin;Bahar yorgunluğu;Hava güzel, masa zor. Net platosu. Sabır tonu.;gün batımı 19:21;19:21;cumartesi;13:00;14:30;12:30;#yks2027 #yks #netartırma #tytdeneme #eğitimkoçluğu;#yks2027 #yks #netartırma #tytdeneme #keşfet;#yks2027 #netartırma #Shorts;56;50
2027-04-25;Paz;Pazar Akşamı;;Karşılaştırma tuzağı;Sosyal medyadaki masa, gerçek hayat değil.;öğrenci;tek-cumle;;kesin;Bahar yorgunluğu;Hava güzel, masa zor. Net platosu. Sabır tonu.;gün batımı 19:22;19:22;pazar;20:00;21:00;19:00;#yks2027 #yks #sınavkaygısı #pazarakşamı #eğitimkoçluğu;#yks2027 #yks #sınavkaygısı #pazarakşamı #keşfet;#yks2027 #sınavkaygısı #Shorts;55;49
2027-04-26;Pzt;Haftanın Planı;;Uyku saati planın parçası;Uyku saatin yoksa, planın da yok.;öğrenci;kart-liste;;kesin;Bahar yorgunluğu;Hava güzel, masa zor. Net platosu. Sabır tonu.;gün batımı 19:23;19:23;okul;20:30;21:30;19:30;#yks2027 #yks #çalışmaplanı #planlıçalışma #eğitimkoçluğu;#yks2027 #yks #çalışmaplanı #planlıçalışma #keşfet;#yks2027 #çalışmaplanı #Shorts;54;48
2027-04-27;Sal;Ders Taktiği;Coğrafya;İklim grafikleri;İklim grafiğinde önce yağış rejimine bak.;öğrenci;soru-cozum;;kesin;Bahar yorgunluğu;Hava güzel, masa zor. Net platosu. Sabır tonu.;gün batımı 19:24;19:24;okul;20:30;21:30;19:30;#yks2027 #yks #coğrafya #tytkampı #eğitimkoçluğu;#yks2027 #yks #coğrafya #tytkampı #keşfet;#yks2027 #coğrafya #Shorts;53;47
2027-04-28;Çar;Aynı Hafta;;Soru çözerken dalıyorum;Soruya bakıyorum, aklım başka yerde.;öğrenci;yazisma;;kesin;Bahar yorgunluğu;Hava güzel, masa zor. Net platosu. Sabır tonu.;gün batımı 19:25;19:25;okul;20:30;21:30;19:30;#yks2027 #yks #yksmotivasyon #sınavkaygısı #eğitimkoçluğu;#yks2027 #yks #yksmotivasyon #sınavkaygısı #keşfet;#yks2027 #yksmotivasyon #Shorts;52;46
2027-04-29;Per;Veli Köşesi;;Koçluk nedir;Koç ders anlatmaz. Peki ne yapar?;veli;kart-veli;;kesin;Bahar yorgunluğu;Hava güzel, masa zor. Net platosu. Sabır tonu.;gün batımı 19:25;19:25;veli;21:00;20:30;20:00;#yks2027 #lgs #ebeveyn #mersin #eğitimkoçluğu;#yks2027 #lgs #ebeveyn #mersin #keşfet;#yks2027 #ebeveyn #Shorts;51;45
2027-04-30;Cum;Özel Gün;;YKS'ye 50 gün;50 gün. Her gün bir deneme değil, her gün bir analiz.;öğrenci;tek-cumle;;tahmini;Bahar yorgunluğu;Hava güzel, masa zor. Net platosu. Sabır tonu.;gün batımı 19:26;19:26;okul;20:30;21:30;19:30;#yks2027 #yks #motivasyon #eğitim #eğitimkoçluğu;#yks2027 #yks #motivasyon #eğitim #keşfet;#yks2027 #motivasyon #Shorts;50;44
2027-05-01;Cmt;Deneme Günü;;Son denemeler;Son 3 deneme: yeni bir şey deneme.;öğrenci;kart-liste;;kesin;Son düzlük;Panik ve yoğunluk. Uzun bayram tatili. Sakinleştirici ton.;gün batımı 19:27;19:27;tatil;21:30;22:30;20:30;#yks2027 #yks #tytdeneme #denemeanalizi #eğitimkoçluğu;#yks2027 #yks #tytdeneme #denemeanalizi #keşfet;#yks2027 #tytdeneme #Shorts;49;43
2027-05-02;Paz;Pazar Akşamı;;Sabır;Net artışı merdiven değil, rampa. Önce düz gider.;öğrenci;tek-cumle;;kesin;Son düzlük;Panik ve yoğunluk. Uzun bayram tatili. Sakinleştirici ton.;gün batımı 19:28;19:28;pazar;20:00;21:00;19:00;#yks2027 #yks #pazarakşamı #yksmotivasyon #eğitimkoçluğu;#yks2027 #yks #pazarakşamı #yksmotivasyon #keşfet;#yks2027 #pazarakşamı #Shorts;48;42
2027-05-03;Pzt;Haftanın Planı;;Çalışma yerini değiştir;Hep yatakta mı çalışıyorsun? Sorun orada olabilir.;öğrenci;kart-liste;;kesin;Son düzlük;Panik ve yoğunluk. Uzun bayram tatili. Sakinleştirici ton.;gün batımı 19:29;19:29;okul;20:30;21:30;19:30;#yks2027 #yks #planlıçalışma #zamanyönetimi #eğitimkoçluğu;#yks2027 #yks #planlıçalışma #zamanyönetimi #keşfet;#yks2027 #planlıçalışma #Shorts;47;41
2027-05-04;Sal;Ders Taktiği;TYT Türkçe;Sözcükte anlam;Sözcüğü cümleden çıkar, yerine başka kelime koy.;öğrenci;soru-cozum;;kesin;Son düzlük;Panik ve yoğunluk. Uzun bayram tatili. Sakinleştirici ton.;gün batımı 19:30;19:30;okul;20:30;21:30;19:30;#yks2027 #yks #türkçe #konuanlatımı #eğitimkoçluğu;#yks2027 #yks #türkçe #konuanlatımı #keşfet;#yks2027 #türkçe #Shorts;46;40
2027-05-05;Çar;Aynı Hafta;;Sabah kalkamıyorum;Alarmı 5 kere erteliyorum.;öğrenci;yazisma;;kesin;Son düzlük;Panik ve yoğunluk. Uzun bayram tatili. Sakinleştirici ton.;uzun gün (19:31);19:31;okul;20:30;21:30;19:30;#yks2027 #yks #sınavkaygısı #öğrenci #eğitimkoçluğu;#yks2027 #yks #sınavkaygısı #öğrenci #keşfet;#yks2027 #sınavkaygısı #Shorts;45;39
2027-05-06;Per;Veli Köşesi;;Uzun hafta sonu;Bayram tatili: 9 günü bölmek.;veli;kart-veli;;kesin;Son düzlük;Panik ve yoğunluk. Uzun bayram tatili. Sakinleştirici ton.;uzun gün (19:32);19:32;veli;21:00;20:30;20:00;#yks2027 #lgs #anneyiz #mersin #eğitimkoçluğu;#yks2027 #lgs #anneyiz #mersin #keşfet;#yks2027 #anneyiz #Shorts;44;38
2027-05-07;Cum;Doğru Bilinen Yanlışlar;;Son hafta yeni konu;Son hafta yeni konu açmak paniği büyütür.;öğrenci;efsane-gercek;;kesin;Son düzlük;Panik ve yoğunluk. Uzun bayram tatili. Sakinleştirici ton.;uzun gün (19:32);19:32;okul;20:30;21:30;19:30;#yks2027 #yks #bilgi #verimliçalışma #eğitimkoçluğu;#yks2027 #yks #bilgi #verimliçalışma #keşfet;#yks2027 #bilgi #Shorts;43;37
2027-05-08;Cmt;Deneme Günü;;Soru atlama cesareti;Bu denemede 3 soru bilerek atla. Süre ne oldu, bak.;öğrenci;kart-liste;;kesin;Son düzlük;Panik ve yoğunluk. Uzun bayram tatili. Sakinleştirici ton.;uzun gün (19:33);19:33;cumartesi;13:00;14:30;12:30;#yks2027 #yks #denemeanalizi #türkiyegenelideneme #eğitimkoçluğu;#yks2027 #yks #denemeanalizi #türkiyegenelideneme #keşfet;#yks2027 #denemeanalizi #Shorts;42;36
2027-05-09;Paz;Özel Gün;;Anneler Günü;Sınav yılının görünmeyen koçu: anneler.;herkes;tek-cumle;;kesin;Son düzlük;Panik ve yoğunluk. Uzun bayram tatili. Sakinleştirici ton.;uzun gün (19:34);19:34;pazar;20:00;21:00;19:00;#yks2027 #yks #eğitim #öğrenci #eğitimkoçluğu;#yks2027 #yks #eğitim #öğrenci #keşfet;#yks2027 #eğitim #Shorts;41;35
2027-05-10;Pzt;Haftanın Planı;;Biriken ödev;Okul ödevi birikti mi? Önce onu bitir, sonra plana dön.;öğrenci;kart-liste;;kesin;Son düzlük;Panik ve yoğunluk. Uzun bayram tatili. Sakinleştirici ton.;uzun gün (19:35);19:35;okul;20:30;21:30;19:30;#yks2027 #yks #zamanyönetimi #dersprogramı #eğitimkoçluğu;#yks2027 #yks #zamanyönetimi #dersprogramı #keşfet;#yks2027 #zamanyönetimi #Shorts;40;34
2027-05-11;Sal;Ders Taktiği;TYT Matematik;Mutlak değer;Mutlak değerde iki durum yaz. Hep iki.;öğrenci;soru-cozum;;kesin;Son düzlük;Panik ve yoğunluk. Uzun bayram tatili. Sakinleştirici ton.;uzun gün (19:36);19:36;okul;20:30;21:30;19:30;#yks2027 #yks #matematik #sorubankası #eğitimkoçluğu;#yks2027 #yks #matematik #sorubankası #keşfet;#yks2027 #matematik #Shorts;39;33
2027-05-12;Çar;Aynı Hafta;;Yanlış yapmaktan korkuyorum;Emin olmadığım soruyu hiç işaretlemiyorum.;öğrenci;yazisma;;kesin;Son düzlük;Panik ve yoğunluk. Uzun bayram tatili. Sakinleştirici ton.;uzun gün (19:37);19:37;okul;20:30;21:30;19:30;#yks2027 #yks #öğrenci #öğrencihayatı #eğitimkoçluğu;#yks2027 #yks #öğrenci #öğrencihayatı #keşfet;#yks2027 #öğrenci #Shorts;38;32
2027-05-13;Per;Veli Köşesi;;Haftalık görüşme;Haftada bir 15 dakika: sadece dinlemek.;veli;kart-veli;;kesin;Son düzlük;Panik ve yoğunluk. Uzun bayram tatili. Sakinleştirici ton.;uzun gün (19:38);19:38;veli;21:00;20:30;20:00;#yks2027 #lgs #velirehberi #mersin #eğitimkoçluğu;#yks2027 #lgs #velirehberi #mersin #keşfet;#yks2027 #velirehberi #Shorts;37;31
2027-05-14;Cum;Doğru Bilinen Yanlışlar;;Yazılı notları önemsiz;OBP puanına eklenir. Önemsiz değil.;öğrenci;efsane-gercek;;kesin;Son düzlük;Panik ve yoğunluk. Uzun bayram tatili. Sakinleştirici ton.;uzun gün (19:39);19:39;okul;20:30;21:30;19:30;#yks2027 #yks #verimliçalışma #dersçalışma #eğitimkoçluğu;#yks2027 #yks #verimliçalışma #dersçalışma #keşfet;#yks2027 #verimliçalışma #Shorts;36;30
2027-05-15;Cmt;Özel Gün;;Kurban arifesi: 5 günlük ara;5 gün tatil: 2 gün aile, 3 gün düzenli tekrar.;öğrenci;tek-cumle;;tahmini;Son düzlük;Panik ve yoğunluk. Uzun bayram tatili. Sakinleştirici ton.;uzun gün (19:39);19:39;cumartesi;13:00;14:30;12:30;#yks2027 #yks #öğrenci #yks #eğitimkoçluğu;#yks2027 #yks #öğrenci #yks #keşfet;#yks2027 #öğrenci #Shorts;35;29
2027-05-16;Paz;Özel Gün;;Kurban Bayramı;Bayramınız mübarek olsun.;herkes;tek-cumle;;tahmini;Son düzlük;Panik ve yoğunluk. Uzun bayram tatili. Sakinleştirici ton.;uzun gün (19:40);19:40;bayram;11:00;13:00;11:00;#yks2027 #yks #öğrenci #yks #eğitimkoçluğu;#yks2027 #yks #öğrenci #yks #keşfet;#yks2027 #öğrenci #Shorts;34;28
2027-05-17;Pzt;Haftanın Planı;;Hafta ortası kontrolü;Çarşamba akşamı 5 dakikalık kontrol haftayı kurtarır.;öğrenci;kart-liste;;kesin;Son düzlük;Panik ve yoğunluk. Uzun bayram tatili. Sakinleştirici ton.;uzun gün (19:41);19:41;bayram;11:00;13:00;11:00;#yks2027 #yks #dersprogramı #verimliçalışma #eğitimkoçluğu;#yks2027 #yks #dersprogramı #verimliçalışma #keşfet;#yks2027 #dersprogramı #Shorts;33;27
2027-05-18;Sal;Ders Taktiği;LGS İngilizce;Diyalog sorusu;Diyalogda son cümle cevabın ipucunu taşır.;öğrenci;soru-cozum;;kesin;Son düzlük;Panik ve yoğunluk. Uzun bayram tatili. Sakinleştirici ton.;uzun gün (19:42);19:42;bayram;11:00;13:00;11:00;#lgs2027 #lgs #ingilizce #soruçözümü #eğitimkoçluğu;#lgs2027 #lgs #ingilizce #soruçözümü #keşfet;#lgs2027 #ingilizce #Shorts;32;26
2027-05-19;Çar;Özel Gün;;19 Mayıs;Gençlik ve Spor Bayramı kutlu olsun. Bu yıl sizin yılınız.;herkes;tek-cumle;;kesin;Son düzlük;Panik ve yoğunluk. Uzun bayram tatili. Sakinleştirici ton.;uzun gün (19:43);19:43;bayram;11:00;13:00;11:00;#yks2027 #yks #yks #motivasyon #eğitimkoçluğu;#yks2027 #yks #yks #motivasyon #keşfet;#yks2027 #yks #Shorts;31;25
2027-05-20;Per;Özel Gün;;YKS'ye 30 gün;30 gün. Uyku saatini sınav saatine göre ayarla.;öğrenci;tek-cumle;;tahmini;Son düzlük;Panik ve yoğunluk. Uzun bayram tatili. Sakinleştirici ton.;uzun gün (19:44);19:44;okul;20:30;21:30;19:30;#yks2027 #yks #yks #mersin #eğitimkoçluğu;#yks2027 #yks #yks #mersin #keşfet;#yks2027 #yks #Shorts;30;24
2027-05-21;Cum;Doğru Bilinen Yanlışlar;;Soru atlamak zayıflık;Soru atlamak strateji.;öğrenci;efsane-gercek;;kesin;Son düzlük;Panik ve yoğunluk. Uzun bayram tatili. Sakinleştirici ton.;uzun gün (19:44);19:44;okul;20:30;21:30;19:30;#yks2027 #yks #dersçalışma #doğrubilinenyanlışlar #eğitimkoçluğu;#yks2027 #yks #dersçalışma #doğrubilinenyanlışlar #keşfet;#yks2027 #dersçalışma #Shorts;29;23
2027-05-22;Cmt;Deneme Günü;;Denemeden plan çıkar;Denemedeki 3 eksik, pazartesinin planı.;öğrenci;kart-liste;;kesin;Son düzlük;Panik ve yoğunluk. Uzun bayram tatili. Sakinleştirici ton.;uzun gün (19:45);19:45;cumartesi;13:00;14:30;12:30;#yks2027 #yks #denemesınavı #netartırma #eğitimkoçluğu;#yks2027 #yks #denemesınavı #netartırma #keşfet;#yks2027 #denemesınavı #Shorts;28;22
2027-05-23;Paz;Pazar Akşamı;;Anlam;Bu yıl sadece puan değil, disiplin kazandırıyor.;öğrenci;tek-cumle;;kesin;Son düzlük;Panik ve yoğunluk. Uzun bayram tatili. Sakinleştirici ton.;uzun gün (19:46);19:46;pazar;20:00;21:00;19:00;#yks2027 #yks #motivasyon #sınavkaygısı #eğitimkoçluğu;#yks2027 #yks #motivasyon #sınavkaygısı #keşfet;#yks2027 #motivasyon #Shorts;27;21
2027-05-24;Pzt;Haftanın Planı;;Mola planlanır;Mola kaçamak değil, planın bir satırıdır.;öğrenci;kart-liste;;kesin;Son düzlük;Panik ve yoğunluk. Uzun bayram tatili. Sakinleştirici ton.;uzun gün (19:47);19:47;okul;20:30;21:30;19:30;#yks2027 #yks #verimliçalışma #çalışmaplanı #eğitimkoçluğu;#yks2027 #yks #verimliçalışma #çalışmaplanı #keşfet;#yks2027 #verimliçalışma #Shorts;26;20
2027-05-25;Sal;Ders Taktiği;Geometri;Üçgende benzerlik;Paralel doğru gördüysen benzerlik ara.;öğrenci;soru-cozum;;kesin;Son düzlük;Panik ve yoğunluk. Uzun bayram tatili. Sakinleştirici ton.;uzun gün (19:48);19:48;okul;20:30;21:30;19:30;#yks2027 #yks #geometri #derstaktikleri #eğitimkoçluğu;#yks2027 #yks #geometri #derstaktikleri #keşfet;#yks2027 #geometri #Shorts;25;19
2027-05-26;Çar;Aynı Hafta;;Bir ders çok geride;Kimya çok geride kaldı, nereden başlayayım?;öğrenci;yazisma;;kesin;Son düzlük;Panik ve yoğunluk. Uzun bayram tatili. Sakinleştirici ton.;uzun gün (19:48);19:48;okul;20:30;21:30;19:30;#yks2027 #yks #sınavstresi #yksmotivasyon #eğitimkoçluğu;#yks2027 #yks #sınavstresi #yksmotivasyon #keşfet;#yks2027 #sınavstresi #Shorts;24;18
2027-05-27;Per;Veli Köşesi;;Okul mu YKS mi;Okul notları mı, YKS mi? İkisi rakip değil.;veli;kart-veli;;kesin;Son düzlük;Panik ve yoğunluk. Uzun bayram tatili. Sakinleştirici ton.;uzun gün (19:49);19:49;veli;21:00;20:30;20:00;#yks2027 #lgs #sınavyılı #mersin #eğitimkoçluğu;#yks2027 #lgs #sınavyılı #mersin #keşfet;#yks2027 #sınavyılı #Shorts;23;17
2027-05-28;Cum;Doğru Bilinen Yanlışlar;;Tekrar sıkıcıdır;Tekrar sıkıcı değil, kalıcı.;öğrenci;efsane-gercek;;kesin;Son düzlük;Panik ve yoğunluk. Uzun bayram tatili. Sakinleştirici ton.;uzun gün (19:50);19:50;okul;20:30;21:30;19:30;#yks2027 #yks #doğrubilinenyanlışlar #çalışmayöntemleri #eğitimkoçluğu;#yks2027 #yks #doğrubilinenyanlışlar #çalışmayöntemleri #keşfet;#yks2027 #doğrubilinenyanlışlar #Shorts;22;16
2027-05-29;Cmt;Deneme Günü;;Deneme korkusu;Deneme sınav değil, antrenman.;öğrenci;kart-liste;;kesin;Son düzlük;Panik ve yoğunluk. Uzun bayram tatili. Sakinleştirici ton.;uzun gün (19:50);19:50;cumartesi;13:00;14:30;12:30;#yks2027 #yks #netartırma #tytdeneme #eğitimkoçluğu;#yks2027 #yks #netartırma #tytdeneme #keşfet;#yks2027 #netartırma #Shorts;21;15
2027-05-30;Paz;Pazar Akşamı;;Arkadaşlık;Bu hafta bir arkadaşını ara. Ders konuşmadan.;öğrenci;tek-cumle;;kesin;Son düzlük;Panik ve yoğunluk. Uzun bayram tatili. Sakinleştirici ton.;uzun gün (19:51);19:51;pazar;20:00;21:00;19:00;#yks2027 #yks #sınavkaygısı #pazarakşamı #eğitimkoçluğu;#yks2027 #yks #sınavkaygısı #pazarakşamı #keşfet;#yks2027 #sınavkaygısı #Shorts;20;14
2027-05-31;Pzt;Haftanın Planı;;Kolay işle başla;Masaya oturunca ilk iş: 10 kolay soru. Motor ısınsın.;öğrenci;kart-liste;;kesin;Son düzlük;Panik ve yoğunluk. Uzun bayram tatili. Sakinleştirici ton.;uzun gün (19:52);19:52;okul;20:30;21:30;19:30;#yks2027 #yks #çalışmaplanı #planlıçalışma #eğitimkoçluğu;#yks2027 #yks #çalışmaplanı #planlıçalışma #keşfet;#yks2027 #çalışmaplanı #Shorts;19;13
2027-06-01;Sal;Ders Taktiği;AYT Matematik;İntegral alan;Alan sorusunda önce grafik, sonra integral.;öğrenci;soru-cozum;;kesin;Sınav ayı;LGS ve YKS. Sade, kısa, sakin mesajlar.;uzun gün (19:53);19:53;okul;20:30;21:30;19:30;#yks2027 #yks #matematik #tytkampı #eğitimkoçluğu;#yks2027 #yks #matematik #tytkampı #keşfet;#yks2027 #matematik #Shorts;18;12
2027-06-02;Çar;Aynı Hafta;;Yorgunum;Çok yorgunum ama dinlenince de suçlu hissediyorum.;öğrenci;yazisma;;kesin;Sınav ayı;LGS ve YKS. Sade, kısa, sakin mesajlar.;uzun gün (19:53);19:53;okul;20:30;21:30;19:30;#yks2027 #yks #yksmotivasyon #sınavkaygısı #eğitimkoçluğu;#yks2027 #yks #yksmotivasyon #sınavkaygısı #keşfet;#yks2027 #yksmotivasyon #Shorts;17;11
2027-06-03;Per;Veli Köşesi;;Sınav günü;Sınav sabahı veliler ne yapmalı, ne yapmamalı?;veli;kart-veli;;kesin;Sınav ayı;LGS ve YKS. Sade, kısa, sakin mesajlar.;uzun gün (19:54);19:54;veli;21:00;20:30;20:00;#yks2027 #lgs #ebeveyn #mersin #eğitimkoçluğu;#yks2027 #lgs #ebeveyn #mersin #keşfet;#yks2027 #ebeveyn #Shorts;16;10
2027-06-04;Cum;Doğru Bilinen Yanlışlar;;Dinlenmek suç;Dinlenen öğrenci tembel değil. Yakıt alıyor.;öğrenci;efsane-gercek;;kesin;Sınav ayı;LGS ve YKS. Sade, kısa, sakin mesajlar.;uzun gün (19:55);19:55;okul;20:30;21:30;19:30;#yks2027 #yks #çalışmayöntemleri #bilgi #eğitimkoçluğu;#yks2027 #yks #çalışmayöntemleri #bilgi #keşfet;#yks2027 #çalışmayöntemleri #Shorts;15;9
2027-06-05;Cmt;Deneme Günü;;Yaz denemesi;Yazın ayda 2 deneme: formu korur.;öğrenci;kart-liste;;kesin;Sınav ayı;LGS ve YKS. Sade, kısa, sakin mesajlar.;uzun gün (19:55);19:55;cumartesi;13:00;14:30;12:30;#yks2027 #yks #tytdeneme #denemeanalizi #eğitimkoçluğu;#yks2027 #yks #tytdeneme #denemeanalizi #keşfet;#yks2027 #tytdeneme #Shorts;14;8
2027-06-06;Paz;Pazar Akşamı;;Son pazar;Sınavdan önceki son pazar gibi düşün: sakin.;öğrenci;tek-cumle;;kesin;Sınav ayı;LGS ve YKS. Sade, kısa, sakin mesajlar.;uzun gün (19:56);19:56;pazar;20:00;21:00;19:00;#yks2027 #yks #pazarakşamı #yksmotivasyon #eğitimkoçluğu;#yks2027 #yks #pazarakşamı #yksmotivasyon #keşfet;#yks2027 #pazarakşamı #Shorts;13;7
2027-06-07;Pzt;Haftanın Planı;;Plan paylaşılır;Planını birine söyle. Sadece söylemek bile işe yarar.;öğrenci;kart-liste;;kesin;Sınav ayı;LGS ve YKS. Sade, kısa, sakin mesajlar.;uzun gün (19:56);19:56;okul;20:30;21:30;19:30;#yks2027 #yks #planlıçalışma #zamanyönetimi #eğitimkoçluğu;#yks2027 #yks #planlıçalışma #zamanyönetimi #keşfet;#yks2027 #planlıçalışma #Shorts;12;6
2027-06-08;Sal;Ders Taktiği;Edebiyat;Şiir bilgisi;Ölçü sorusunda heceleri parmakla değil kalemle say.;öğrenci;soru-cozum;;kesin;Sınav ayı;LGS ve YKS. Sade, kısa, sakin mesajlar.;uzun gün (19:57);19:57;okul;20:30;21:30;19:30;#yks2027 #yks #edebiyat #konuanlatımı #eğitimkoçluğu;#yks2027 #yks #edebiyat #konuanlatımı #keşfet;#yks2027 #edebiyat #Shorts;11;5
2027-06-09;Çar;Özel Gün;;YKS'ye 10 gün;10 gün. Yeni hiçbir şey. Sadece bildiklerin.;öğrenci;tek-cumle;;tahmini;Sınav ayı;LGS ve YKS. Sade, kısa, sakin mesajlar.;uzun gün (19:57);19:57;okul;20:30;21:30;19:30;#yks2027 #yks #öğrenci #yks #eğitimkoçluğu;#yks2027 #yks #öğrenci #yks #keşfet;#yks2027 #öğrenci #Shorts;10;4
2027-06-10;Per;Veli Köşesi;;11. sınıf velisi;11. sınıfta başlamak erken değil. Ama sınıf sınıf.;veli;kart-veli;;kesin;Sınav ayı;LGS ve YKS. Sade, kısa, sakin mesajlar.;uzun gün (19:58);19:58;veli;21:00;20:30;20:00;#yks2027 #lgs #anneyiz #mersin #eğitimkoçluğu;#yks2027 #lgs #anneyiz #mersin #keşfet;#yks2027 #anneyiz #Shorts;9;3
2027-06-11;Cum;Doğru Bilinen Yanlışlar;;Bir kötü deneme her şeyi söyler;Tek deneme trend değildir.;öğrenci;efsane-gercek;;kesin;Sınav ayı;LGS ve YKS. Sade, kısa, sakin mesajlar.;uzun gün (19:58);19:58;okul;20:30;21:30;19:30;#yks2027 #yks #bilgi #verimliçalışma #eğitimkoçluğu;#yks2027 #yks #bilgi #verimliçalışma #keşfet;#yks2027 #bilgi #Shorts;8;2
2027-06-12;Cmt;Özel Gün;;LGS'ye bir gün;Yarın LGS. Bu akşam çanta, kimlik, erken yatak.;veli;tek-cumle;;tahmini;Sınav ayı;LGS ve YKS. Sade, kısa, sakin mesajlar.;uzun gün (19:59);19:59;veli;21:00;20:30;20:00;#yks2027 #lgs #öğrenci #yks #eğitimkoçluğu;#yks2027 #lgs #öğrenci #yks #keşfet;#yks2027 #öğrenci #Shorts;7;1
2027-06-13;Paz;Özel Gün;;LGS günü;Bugün çocuklarımızın günü. Sonuç ne olursa olsun, yanlarındayız.;veli;tek-cumle;;tahmini;Sınav ayı;LGS ve YKS. Sade, kısa, sakin mesajlar.;uzun gün (19:59);19:59;veli;21:00;20:30;20:00;#yks2027 #lgs #öğrenci #yks #eğitimkoçluğu;#yks2027 #lgs #öğrenci #yks #keşfet;#yks2027 #öğrenci #Shorts;6;0
2027-06-14;Pzt;Haftanın Planı;;Her şey acil değil;Her ders aynı anda acil değil. Sıra koy.;öğrenci;kart-liste;;kesin;Sınav ayı;LGS ve YKS. Sade, kısa, sakin mesajlar.;uzun gün (20:00);20:00;okul;20:30;21:30;19:30;#yks2027 #yks #zamanyönetimi #dersprogramı #eğitimkoçluğu;#yks2027 #yks #zamanyönetimi #dersprogramı #keşfet;#yks2027 #zamanyönetimi #Shorts;5;
2027-06-15;Sal;Ders Taktiği;Fizik;Grafik okuma;Hız–zaman grafiğinde alan yol, eğim ivmedir.;öğrenci;soru-cozum;;kesin;Sınav ayı;LGS ve YKS. Sade, kısa, sakin mesajlar.;uzun gün (20:00);20:00;okul;20:30;21:30;19:30;#yks2027 #yks #fizik #sorubankası #eğitimkoçluğu;#yks2027 #yks #fizik #sorubankası #keşfet;#yks2027 #fizik #Shorts;4;
2027-06-16;Çar;Aynı Hafta;;Sosyal medya kıyası;Herkes 14 saat çalışıyor diye paylaşıyor.;öğrenci;yazisma;;kesin;Sınav ayı;LGS ve YKS. Sade, kısa, sakin mesajlar.;uzun gün (20:01);20:01;okul;20:30;21:30;19:30;#yks2027 #yks #öğrenci #öğrencihayatı #eğitimkoçluğu;#yks2027 #yks #öğrenci #öğrencihayatı #keşfet;#yks2027 #öğrenci #Shorts;3;
2027-06-17;Per;Veli Köşesi;;Yıl sonu değerlendirme;Yılın sonunda puan değil, yol konuşulur.;veli;kart-veli;;kesin;Sınav ayı;LGS ve YKS. Sade, kısa, sakin mesajlar.;uzun gün (20:01);20:01;veli;21:00;20:30;20:00;#yks2027 #lgs #velirehberi #mersin #eğitimkoçluğu;#yks2027 #lgs #velirehberi #mersin #keşfet;#yks2027 #velirehberi #Shorts;2;
2027-06-18;Cum;Özel Gün;;Yarın TYT;Yarın TYT. Bu gece çalışma. Uyu.;öğrenci;tek-cumle;;tahmini;Sınav ayı;LGS ve YKS. Sade, kısa, sakin mesajlar.;uzun gün (20:01);20:01;okul;20:30;21:30;19:30;#yks2027 #yks #yks #motivasyon #eğitimkoçluğu;#yks2027 #yks #yks #motivasyon #keşfet;#yks2027 #yks #Shorts;1;
2027-06-19;Cmt;Özel Gün;;TYT günü;Bugün hazırlığın konuşuyor. Sakin ol, sırayla git.;öğrenci;tek-cumle;;tahmini;Sınav ayı;LGS ve YKS. Sade, kısa, sakin mesajlar.;uzun gün (20:02);20:02;cumartesi;13:00;14:30;12:30;#yks2027 #yks #yks #motivasyon #eğitimkoçluğu;#yks2027 #yks #yks #motivasyon #keşfet;#yks2027 #yks #Shorts;0;
2027-06-20;Paz;Özel Gün;;AYT günü ve Babalar Günü;Son oturum. Ve bugün Babalar Günü.;herkes;tek-cumle;;tahmini;Sınav ayı;LGS ve YKS. Sade, kısa, sakin mesajlar.;uzun gün (20:02);20:02;pazar;20:00;21:00;19:00;#yks2027 #yks #yks #motivasyon #eğitimkoçluğu;#yks2027 #yks #yks #motivasyon #keşfet;#yks2027 #yks #Shorts;;
2027-06-21;Pzt;Özel Gün;;Sınav bitti;Bitti. Şimdi dinlen. Sonuç beklemek de bir iş.;öğrenci;tek-cumle;;tahmini;Sınav ayı;LGS ve YKS. Sade, kısa, sakin mesajlar.;uzun gün (20:02);20:02;okul;20:30;21:30;19:30;#yks2028 #yks #motivasyon #eğitim #eğitimkoçluğu;#yks2028 #yks #motivasyon #eğitim #keşfet;#yks2028 #motivasyon #Shorts;;
2027-06-22;Sal;Ders Taktiği;Kimya;Asit–baz;pH sorusunda önce ne kadar H⁺ var, onu bul.;öğrenci;soru-cozum;;kesin;Sınav ayı;LGS ve YKS. Sade, kısa, sakin mesajlar.;uzun gün (20:02);20:02;okul;20:30;21:30;19:30;#yks2028 #yks #kimya #soruçözümü #eğitimkoçluğu;#yks2028 #yks #kimya #soruçözümü #keşfet;#yks2028 #kimya #Shorts;;
2027-06-23;Çar;Aynı Hafta;;Deneme sınavı stresi;Yarın deneme var, şimdiden midem ağrıyor.;öğrenci;yazisma;;kesin;Sınav ayı;LGS ve YKS. Sade, kısa, sakin mesajlar.;uzun gün (20:03);20:03;okul;20:30;21:30;19:30;#yks2028 #yks #öğrencihayatı #sınavstresi #eğitimkoçluğu;#yks2028 #yks #öğrencihayatı #sınavstresi #keşfet;#yks2028 #öğrencihayatı #Shorts;;
2027-06-24;Per;Veli Köşesi;;Harçlık ve bağımsızlık;Sınav yılında sorumluluk azalmaz, şekil değiştirir.;veli;kart-veli;;kesin;Sınav ayı;LGS ve YKS. Sade, kısa, sakin mesajlar.;uzun gün (20:03);20:03;veli;21:00;20:30;20:00;#yks2028 #lgs #veli #mersin #eğitimkoçluğu;#yks2028 #lgs #veli #mersin #keşfet;#yks2028 #veli #Shorts;;
2027-06-25;Cum;Özel Gün;;Karne ve 11. sınıflar;11. sınıf bitti. YKS 2028'e bir yıl.;öğrenci;tek-cumle;;kesin;Sınav ayı;LGS ve YKS. Sade, kısa, sakin mesajlar.;uzun gün (20:03);20:03;okul;20:30;21:30;19:30;#yks2028 #yks #motivasyon #eğitim #eğitimkoçluğu;#yks2028 #yks #motivasyon #eğitim #keşfet;#yks2028 #motivasyon #Shorts;;
2027-06-26;Cmt;Deneme Günü;;Net düşüşü;Net düştü mü? Deneme zorlaştı mı, sen mi yoruldun?;öğrenci;kart-liste;;kesin;Sınav ayı;LGS ve YKS. Sade, kısa, sakin mesajlar.;uzun gün (20:03);20:03;tatil;21:30;22:30;20:30;#yks2028 #yks #denemesınavı #netartırma #eğitimkoçluğu;#yks2028 #yks #denemesınavı #netartırma #keşfet;#yks2028 #denemesınavı #Shorts;;
2027-06-27;Paz;Pazar Akşamı;;Hayır demek;Bu hafta ‘hayır’ dediğin şey, ‘evet’ dediğin hedefi korudu.;öğrenci;tek-cumle;;kesin;Sınav ayı;LGS ve YKS. Sade, kısa, sakin mesajlar.;uzun gün (20:03);20:03;tatil;21:30;22:30;20:30;#yks2028 #yks #motivasyon #sınavkaygısı #eğitimkoçluğu;#yks2028 #yks #motivasyon #sınavkaygısı #keşfet;#yks2028 #motivasyon #Shorts;;
2027-06-28;Pzt;Haftanın Planı;;Soru bankası seçimi;Üç kitap yarım bitmesin. Bir kitap bitsin.;öğrenci;kart-liste;;kesin;Sınav ayı;LGS ve YKS. Sade, kısa, sakin mesajlar.;uzun gün (20:03);20:03;tatil;21:30;22:30;20:30;#yks2028 #yks #verimliçalışma #çalışmaplanı #eğitimkoçluğu;#yks2028 #yks #verimliçalışma #çalışmaplanı #keşfet;#yks2028 #verimliçalışma #Shorts;;
2027-06-29;Sal;Ders Taktiği;Biyoloji;Sistemler;Sistem sorularını organ değil görevle çalış.;öğrenci;soru-cozum;;kesin;Sınav ayı;LGS ve YKS. Sade, kısa, sakin mesajlar.;uzun gün (20:03);20:03;tatil;21:30;22:30;20:30;#yks2028 #yks #biyoloji #derstaktikleri #eğitimkoçluğu;#yks2028 #yks #biyoloji #derstaktikleri #keşfet;#yks2028 #biyoloji #Shorts;;
2027-06-30;Çar;Aynı Hafta;;Başaramazsam;Ya kazanamazsam hocam?;öğrenci;yazisma;;kesin;Sınav ayı;LGS ve YKS. Sade, kısa, sakin mesajlar.;uzun gün (20:03);20:03;tatil;21:30;22:30;20:30;#yks2028 #yks #sınavstresi #yksmotivasyon #eğitimkoçluğu;#yks2028 #yks #sınavstresi #yksmotivasyon #keşfet;#yks2028 #sınavstresi #Shorts;;
2027-07-01;Per;Veli Köşesi;;Tercih dönemi;Tercih listesi: kimin listesi?;veli;kart-veli;;kesin;Bekleme ve tercih;Sonuç kaygısı, tercih. Veli içerikleri öne çıkar. Yeni 12'ler başlar.;uzun gün (20:03);20:03;veli;21:00;20:30;20:00;#yks2028 #lgs #sınavyılı #mersin #eğitimkoçluğu;#yks2028 #lgs #sınavyılı #mersin #keşfet;#yks2028 #sınavyılı #Shorts;;
2027-07-02;Cum;Doğru Bilinen Yanlışlar;;Mezun yılı kolay;Mezun yılı bol zamanlı ama yalnız bir yıl.;öğrenci;efsane-gercek;;kesin;Bekleme ve tercih;Sonuç kaygısı, tercih. Veli içerikleri öne çıkar. Yeni 12'ler başlar.;uzun gün (20:03);20:03;tatil;21:30;22:30;20:30;#yks2028 #yks #doğrubilinenyanlışlar #çalışmayöntemleri #eğitimkoçluğu;#yks2028 #yks #doğrubilinenyanlışlar #çalışmayöntemleri #keşfet;#yks2028 #doğrubilinenyanlışlar #Shorts;;
2027-07-03;Cmt;Deneme Günü;;Fen sırası;Fende fizik mi önce kimya mı? Kendi sıranı bul.;öğrenci;kart-liste;;kesin;Bekleme ve tercih;Sonuç kaygısı, tercih. Veli içerikleri öne çıkar. Yeni 12'ler başlar.;uzun gün (20:03);20:03;tatil;21:30;22:30;20:30;#yks2028 #yks #netartırma #tytdeneme #eğitimkoçluğu;#yks2028 #yks #netartırma #tytdeneme #keşfet;#yks2028 #netartırma #Shorts;;
2027-07-04;Paz;Pazar Akşamı;;Duygu günlüğü;Bugün nasıl hissettin? Bir kelimeyle.;öğrenci;tek-cumle;;kesin;Bekleme ve tercih;Sonuç kaygısı, tercih. Veli içerikleri öne çıkar. Yeni 12'ler başlar.;uzun gün (20:03);20:03;tatil;21:30;22:30;20:30;#yks2028 #yks #sınavkaygısı #pazarakşamı #eğitimkoçluğu;#yks2028 #yks #sınavkaygısı #pazarakşamı #keşfet;#yks2028 #sınavkaygısı #Shorts;;
2027-07-05;Pzt;Haftanın Planı;;Yaz planı;Yaz tatili dinlenmek için. Ama her gün 1 saat kural.;öğrenci;kart-liste;;kesin;Bekleme ve tercih;Sonuç kaygısı, tercih. Veli içerikleri öne çıkar. Yeni 12'ler başlar.;uzun gün (20:03);20:03;tatil;21:30;22:30;20:30;#yks2028 #yks #çalışmaplanı #planlıçalışma #eğitimkoçluğu;#yks2028 #yks #çalışmaplanı #planlıçalışma #keşfet;#yks2028 #çalışmaplanı #Shorts;;
2027-07-06;Sal;Ders Taktiği;Tarih;İnkılap tarihi kronolojisi;Kongrelerin sırasını hikâye gibi anlat.;öğrenci;soru-cozum;;kesin;Bekleme ve tercih;Sonuç kaygısı, tercih. Veli içerikleri öne çıkar. Yeni 12'ler başlar.;uzun gün (20:03);20:03;tatil;21:30;22:30;20:30;#yks2028 #yks #tarih #tytkampı #eğitimkoçluğu;#yks2028 #yks #tarih #tytkampı #keşfet;#yks2028 #tarih #Shorts;;
2027-07-07;Çar;Aynı Hafta;;Tercih kaygısı;Puanım geldi ama ne yazacağımı bilmiyorum.;öğrenci;yazisma;;kesin;Bekleme ve tercih;Sonuç kaygısı, tercih. Veli içerikleri öne çıkar. Yeni 12'ler başlar.;uzun gün (20:03);20:03;tatil;21:30;22:30;20:30;#yks2028 #yks #yksmotivasyon #sınavkaygısı #eğitimkoçluğu;#yks2028 #yks #yksmotivasyon #sınavkaygısı #keşfet;#yks2028 #yksmotivasyon #Shorts;;
2027-07-08;Per;Veli Köşesi;;Sonuç günü;Sonuç açıklandığında ilk sarılma, sonra puan.;veli;kart-veli;;kesin;Bekleme ve tercih;Sonuç kaygısı, tercih. Veli içerikleri öne çıkar. Yeni 12'ler başlar.;uzun gün (20:02);20:02;veli;21:00;20:30;20:00;#yks2028 #lgs #ebeveyn #mersin #eğitimkoçluğu;#yks2028 #lgs #ebeveyn #mersin #keşfet;#yks2028 #ebeveyn #Shorts;;
2027-07-09;Cum;Doğru Bilinen Yanlışlar;;Tercihte puan her şey;Tercihte puan kadar şehir, bölüm ve sen varsın.;öğrenci;efsane-gercek;;kesin;Bekleme ve tercih;Sonuç kaygısı, tercih. Veli içerikleri öne çıkar. Yeni 12'ler başlar.;uzun gün (20:02);20:02;tatil;21:30;22:30;20:30;#yks2028 #yks #çalışmayöntemleri #bilgi #eğitimkoçluğu;#yks2028 #yks #çalışmayöntemleri #bilgi #keşfet;#yks2028 #çalışmayöntemleri #Shorts;;
2027-07-10;Cmt;Deneme Günü;;Deneme arası mola;TYT'den sonra AYT'ye geçerken ne yiyeceksin?;öğrenci;kart-liste;;kesin;Bekleme ve tercih;Sonuç kaygısı, tercih. Veli içerikleri öne çıkar. Yeni 12'ler başlar.;uzun gün (20:02);20:02;tatil;21:30;22:30;20:30;#yks2028 #yks #tytdeneme #denemeanalizi #eğitimkoçluğu;#yks2028 #yks #tytdeneme #denemeanalizi #keşfet;#yks2028 #tytdeneme #Shorts;;
2027-07-11;Paz;Pazar Akşamı;;Hafta puanı;Haftana 10 üzerinden kaç verirsin? 6 iyi bir not.;öğrenci;tek-cumle;;kesin;Bekleme ve tercih;Sonuç kaygısı, tercih. Veli içerikleri öne çıkar. Yeni 12'ler başlar.;uzun gün (20:01);20:01;tatil;21:30;22:30;20:30;#yks2028 #yks #pazarakşamı #yksmotivasyon #eğitimkoçluğu;#yks2028 #yks #pazarakşamı #yksmotivasyon #keşfet;#yks2028 #pazarakşamı #Shorts;;
2027-07-12;Pzt;Haftanın Planı;;Kaynak bitirme;Bu ay bitireceğin tek kaynağı seç.;öğrenci;kart-liste;;kesin;Bekleme ve tercih;Sonuç kaygısı, tercih. Veli içerikleri öne çıkar. Yeni 12'ler başlar.;uzun gün (20:01);20:01;tatil;21:30;22:30;20:30;#yks2028 #yks #planlıçalışma #zamanyönetimi #eğitimkoçluğu;#yks2028 #yks #planlıçalışma #zamanyönetimi #keşfet;#yks2028 #planlıçalışma #Shorts;;
2027-07-13;Sal;Ders Taktiği;LGS Matematik;Çarpanlar ve katlar;EBOB mu EKOK mu? Parçalamak mı, birleştirmek mi?;öğrenci;soru-cozum;;kesin;Bekleme ve tercih;Sonuç kaygısı, tercih. Veli içerikleri öne çıkar. Yeni 12'ler başlar.;uzun gün (20:01);20:01;tatil;21:30;22:30;20:30;#lgs2028 #lgs #matematik #konuanlatımı #eğitimkoçluğu;#lgs2028 #lgs #matematik #konuanlatımı #keşfet;#lgs2028 #matematik #Shorts;;
2027-07-14;Çar;Özel Gün;;Sonuç haftası;Sonuç yaklaşıyor. Bekleme kaygısı normal.;herkes;tek-cumle;;tahmini;Bekleme ve tercih;Sonuç kaygısı, tercih. Veli içerikleri öne çıkar. Yeni 12'ler başlar.;uzun gün (20:00);20:00;tatil;21:30;22:30;20:30;#yks2028 #yks #yks #motivasyon #eğitimkoçluğu;#yks2028 #yks #yks #motivasyon #keşfet;#yks2028 #yks #Shorts;;
2027-07-15;Per;Özel Gün;;15 Temmuz;Demokrasi ve Millî Birlik Günü.;herkes;sade-kart;evet;kesin;Bekleme ve tercih;Sonuç kaygısı, tercih. Veli içerikleri öne çıkar. Yeni 12'ler başlar.;uzun gün (20:00);20:00;tatil;10:00;10:00;10:00;;;;;
2027-07-16;Cum;Doğru Bilinen Yanlışlar;;Kolay soru herkese kolay;Kolay soruyu kaçırmak, zor soruyu yapmamaktan pahalı.;öğrenci;efsane-gercek;;kesin;Bekleme ve tercih;Sonuç kaygısı, tercih. Veli içerikleri öne çıkar. Yeni 12'ler başlar.;uzun gün (19:59);19:59;tatil;21:30;22:30;20:30;#yks2028 #yks #bilgi #verimliçalışma #eğitimkoçluğu;#yks2028 #yks #bilgi #verimliçalışma #keşfet;#yks2028 #bilgi #Shorts;;
2027-07-17;Cmt;Deneme Günü;;Net hedefi gerçekçi;Bir sonraki deneme hedefi: +2 net. +20 değil.;öğrenci;kart-liste;;kesin;Bekleme ve tercih;Sonuç kaygısı, tercih. Veli içerikleri öne çıkar. Yeni 12'ler başlar.;uzun gün (19:59);19:59;tatil;21:30;22:30;20:30;#yks2028 #yks #denemeanalizi #türkiyegenelideneme #eğitimkoçluğu;#yks2028 #yks #denemeanalizi #türkiyegenelideneme #keşfet;#yks2028 #denemeanalizi #Shorts;;
2027-07-18;Paz;Pazar Akşamı;;Kendi hızın;Herkesin saati farklı. Senin saatin de işliyor.;öğrenci;tek-cumle;;kesin;Bekleme ve tercih;Sonuç kaygısı, tercih. Veli içerikleri öne çıkar. Yeni 12'ler başlar.;uzun gün (19:58);19:58;tatil;21:30;22:30;20:30;#yks2028 #yks #yksmotivasyon #psikoloji #eğitimkoçluğu;#yks2028 #yks #yksmotivasyon #psikoloji #keşfet;#yks2028 #yksmotivasyon #Shorts;;
2027-07-19;Pzt;Haftanın Planı;;Plan şişmesi;Plana her gün bir şey ekliyorsan, plan değil liste yapıyorsun.;öğrenci;kart-liste;;kesin;Bekleme ve tercih;Sonuç kaygısı, tercih. Veli içerikleri öne çıkar. Yeni 12'ler başlar.;uzun gün (19:58);19:58;tatil;21:30;22:30;20:30;#yks2028 #yks #zamanyönetimi #dersprogramı #eğitimkoçluğu;#yks2028 #yks #zamanyönetimi #dersprogramı #keşfet;#yks2028 #zamanyönetimi #Shorts;;
2027-07-20;Sal;Ders Taktiği;TYT Türkçe;Paragrafta ana düşünce;Ana düşünce çoğu zaman ilk ya da son cümlede.;öğrenci;soru-cozum;;kesin;Bekleme ve tercih;Sonuç kaygısı, tercih. Veli içerikleri öne çıkar. Yeni 12'ler başlar.;uzun gün (19:57);19:57;tatil;21:30;22:30;20:30;#yks2028 #yks #türkçe #sorubankası #eğitimkoçluğu;#yks2028 #yks #türkçe #sorubankası #keşfet;#yks2028 #türkçe #Shorts;;
2027-07-21;Çar;Özel Gün;;Tercih dönemi;Tercih listesi: şehir, bölüm, puan, sen. Bu sırayla değil.;veli;tek-cumle;;tahmini;Bekleme ve tercih;Sonuç kaygısı, tercih. Veli içerikleri öne çıkar. Yeni 12'ler başlar.;uzun gün (19:57);19:57;veli;21:00;20:30;20:00;#yks2028 #lgs #motivasyon #eğitim #eğitimkoçluğu;#yks2028 #lgs #motivasyon #eğitim #keşfet;#yks2028 #motivasyon #Shorts;;
2027-07-22;Per;Veli Köşesi;;Sağlık kontrolü;Göz ve uyku: çoğu ‘dikkat sorunu’ buradan çıkar.;veli;kart-veli;;kesin;Bekleme ve tercih;Sonuç kaygısı, tercih. Veli içerikleri öne çıkar. Yeni 12'ler başlar.;uzun gün (19:56);19:56;veli;21:00;20:30;20:00;#yks2028 #lgs #velirehberi #mersin #eğitimkoçluğu;#yks2028 #lgs #velirehberi #mersin #keşfet;#yks2028 #velirehberi #Shorts;;
2027-07-23;Cum;Doğru Bilinen Yanlışlar;;Formül ezberi yeter;Formül bilmek soruyu çözmek değil.;öğrenci;efsane-gercek;;kesin;Bekleme ve tercih;Sonuç kaygısı, tercih. Veli içerikleri öne çıkar. Yeni 12'ler başlar.;uzun gün (19:55);19:55;tatil;21:30;22:30;20:30;#yks2028 #yks #verimliçalışma #dersçalışma #eğitimkoçluğu;#yks2028 #yks #verimliçalışma #dersçalışma #keşfet;#yks2028 #verimliçalışma #Shorts;;
2027-07-24;Cmt;Deneme Günü;;Deneme stresi bedende;Deneme öncesi karın ağrısı normal. Nefes 4-4-4.;öğrenci;kart-liste;;kesin;Bekleme ve tercih;Sonuç kaygısı, tercih. Veli içerikleri öne çıkar. Yeni 12'ler başlar.;uzun gün (19:55);19:55;tatil;21:30;22:30;20:30;#yks2028 #yks #türkiyegenelideneme #denemesınavı #eğitimkoçluğu;#yks2028 #yks #türkiyegenelideneme #denemesınavı #keşfet;#yks2028 #türkiyegenelideneme #Shorts;;
2027-07-25;Paz;Pazar Akşamı;;Bedenin sinyali;Başın ağrıyorsa, gözün yorgunsa: dur.;öğrenci;tek-cumle;;kesin;Bekleme ve tercih;Sonuç kaygısı, tercih. Veli içerikleri öne çıkar. Yeni 12'ler başlar.;uzun gün (19:54);19:54;tatil;21:30;22:30;20:30;#yks2028 #yks #psikoloji #motivasyon #eğitimkoçluğu;#yks2028 #yks #psikoloji #motivasyon #keşfet;#yks2028 #psikoloji #Shorts;;
2027-07-26;Pzt;Haftanın Planı;;Sabah mı, akşam mı?;Sen sabah insanı mısın? Planını ona göre kur.;öğrenci;kart-liste;;kesin;Bekleme ve tercih;Sonuç kaygısı, tercih. Veli içerikleri öne çıkar. Yeni 12'ler başlar.;uzun gün (19:53);19:53;tatil;21:30;22:30;20:30;#yks2028 #yks #dersprogramı #verimliçalışma #eğitimkoçluğu;#yks2028 #yks #dersprogramı #verimliçalışma #keşfet;#yks2028 #dersprogramı #Shorts;;
2027-07-27;Sal;Ders Taktiği;TYT Matematik;Hız problemleri;Hız sorusunda şekil çiz. Araçlar kâğıtta yürüsün.;öğrenci;soru-cozum;;kesin;Bekleme ve tercih;Sonuç kaygısı, tercih. Veli içerikleri öne çıkar. Yeni 12'ler başlar.;uzun gün (19:52);19:52;tatil;21:30;22:30;20:30;#yks2028 #yks #matematik #soruçözümü #eğitimkoçluğu;#yks2028 #yks #matematik #soruçözümü #keşfet;#yks2028 #matematik #Shorts;;
2027-07-28;Çar;Aynı Hafta;;Yalnız hissediyorum;Arkadaşlarımla görüşmüyorum, çok yalnızım.;öğrenci;yazisma;;kesin;Bekleme ve tercih;Sonuç kaygısı, tercih. Veli içerikleri öne çıkar. Yeni 12'ler başlar.;uzun gün (19:52);19:52;tatil;21:30;22:30;20:30;#yks2028 #yks #öğrencihayatı #sınavstresi #eğitimkoçluğu;#yks2028 #yks #öğrencihayatı #sınavstresi #keşfet;#yks2028 #öğrencihayatı #Shorts;;
2027-07-29;Per;Veli Köşesi;;Başarısızlık korkusu;Çocuğunuz kazanamazsa ne olur? Önce siz cevap verin.;veli;kart-veli;;kesin;Bekleme ve tercih;Sonuç kaygısı, tercih. Veli içerikleri öne çıkar. Yeni 12'ler başlar.;uzun gün (19:51);19:51;veli;21:00;20:30;20:00;#yks2028 #lgs #veli #mersin #eğitimkoçluğu;#yks2028 #lgs #veli #mersin #keşfet;#yks2028 #veli #Shorts;;
2027-07-30;Cum;Doğru Bilinen Yanlışlar;;TYT kolay, AYT önemli;TYT neti AYT puanını da taşır.;öğrenci;efsane-gercek;;kesin;Bekleme ve tercih;Sonuç kaygısı, tercih. Veli içerikleri öne çıkar. Yeni 12'ler başlar.;uzun gün (19:50);19:50;tatil;21:30;22:30;20:30;#yks2028 #yks #dersçalışma #doğrubilinenyanlışlar #eğitimkoçluğu;#yks2028 #yks #dersçalışma #doğrubilinenyanlışlar #keşfet;#yks2028 #dersçalışma #Shorts;;
2027-07-31;Cmt;Deneme Günü;;Kodlama zamanı;Optiği sonda mı dolduruyorsun? Her 10 soruda bir doldur.;öğrenci;kart-liste;;kesin;Bekleme ve tercih;Sonuç kaygısı, tercih. Veli içerikleri öne çıkar. Yeni 12'ler başlar.;uzun gün (19:49);19:49;tatil;21:30;22:30;20:30;#yks2028 #yks #denemesınavı #netartırma #eğitimkoçluğu;#yks2028 #yks #denemesınavı #netartırma #keşfet;#yks2028 #denemesınavı #Shorts;;
2027-08-01;Paz;Pazar Akşamı;;Umut;Umut plan değildir. Ama plansız umut da olmaz.;öğrenci;tek-cumle;;kesin;Yaz ve yeni hedef;"Yerleştirme sonuçları; YKS 2028 için yaz düzeni.";uzun gün (19:48);19:48;tatil;21:30;22:30;20:30;#yks2028 #yks #motivasyon #sınavkaygısı #eğitimkoçluğu;#yks2028 #yks #motivasyon #sınavkaygısı #keşfet;#yks2028 #motivasyon #Shorts;;
2027-08-02;Pzt;Haftanın Planı;;Hafta sonu yükü;Hafta içi kaçanı hafta sonuna yığma. Hafta sonu çöker.;öğrenci;kart-liste;;kesin;Yaz ve yeni hedef;"Yerleştirme sonuçları; YKS 2028 için yaz düzeni.";uzun gün (19:47);19:47;tatil;21:30;22:30;20:30;#yks2028 #yks #verimliçalışma #çalışmaplanı #eğitimkoçluğu;#yks2028 #yks #verimliçalışma #çalışmaplanı #keşfet;#yks2028 #verimliçalışma #Shorts;;
2027-08-03;Sal;Ders Taktiği;Coğrafya;Nüfus piramitleri;Piramidin tabanı geniş mi? Genç nüfus.;öğrenci;soru-cozum;;kesin;Yaz ve yeni hedef;"Yerleştirme sonuçları; YKS 2028 için yaz düzeni.";uzun gün (19:46);19:46;tatil;21:30;22:30;20:30;#yks2028 #yks #coğrafya #derstaktikleri #eğitimkoçluğu;#yks2028 #yks #coğrafya #derstaktikleri #keşfet;#yks2028 #coğrafya #Shorts;;
2027-08-04;Çar;Aynı Hafta;;Öğretmenim kırdı;Öğretmen sınıfın önünde ‘sen yapamazsın’ dedi.;öğrenci;yazisma;;kesin;Yaz ve yeni hedef;"Yerleştirme sonuçları; YKS 2028 için yaz düzeni.";uzun gün (19:45);19:45;tatil;21:30;22:30;20:30;#yks2028 #yks #sınavstresi #yksmotivasyon #eğitimkoçluğu;#yks2028 #yks #sınavstresi #yksmotivasyon #keşfet;#yks2028 #sınavstresi #Shorts;;
2027-08-05;Per;Veli Köşesi;;Evde deneme günü;Cumartesi deneme: ev sessiz, kahvaltı hazır.;veli;kart-veli;;kesin;Yaz ve yeni hedef;"Yerleştirme sonuçları; YKS 2028 için yaz düzeni.";uzun gün (19:44);19:44;veli;21:00;20:30;20:00;#yks2028 #lgs #sınavyılı #mersin #eğitimkoçluğu;#yks2028 #lgs #sınavyılı #mersin #keşfet;#yks2028 #sınavyılı #Shorts;;
2027-08-06;Cum;Doğru Bilinen Yanlışlar;;Ortalama öğrenci kazanamaz;Düzenli ortalama, düzensiz zekiyi geçer.;öğrenci;efsane-gercek;;kesin;Yaz ve yeni hedef;"Yerleştirme sonuçları; YKS 2028 için yaz düzeni.";uzun gün (19:43);19:43;tatil;21:30;22:30;20:30;#yks2028 #yks #doğrubilinenyanlışlar #çalışmayöntemleri #eğitimkoçluğu;#yks2028 #yks #doğrubilinenyanlışlar #çalışmayöntemleri #keşfet;#yks2028 #doğrubilinenyanlışlar #Shorts;;
2027-08-07;Cmt;Deneme Günü;;Kontrol turu;Son 5 dakika: sadece boş bıraktıklarına bak.;öğrenci;kart-liste;;kesin;Yaz ve yeni hedef;"Yerleştirme sonuçları; YKS 2028 için yaz düzeni.";uzun gün (19:42);19:42;tatil;21:30;22:30;20:30;#yks2028 #yks #netartırma #tytdeneme #eğitimkoçluğu;#yks2028 #yks #netartırma #tytdeneme #keşfet;#yks2028 #netartırma #Shorts;;
2027-08-08;Paz;Pazar Akşamı;;Dua, niyet, dilek;Bu hafta için tek bir dileğin ne?;öğrenci;tek-cumle;;kesin;Yaz ve yeni hedef;"Yerleştirme sonuçları; YKS 2028 için yaz düzeni.";uzun gün (19:41);19:41;tatil;21:30;22:30;20:30;#yks2028 #yks #sınavkaygısı #pazarakşamı #eğitimkoçluğu;#yks2028 #yks #sınavkaygısı #pazarakşamı #keşfet;#yks2028 #sınavkaygısı #Shorts;;
2027-08-09;Pzt;Haftanın Planı;;İlk 3 gün kuralı;Yeni plan ilk 3 gün zor. 4. gün alışkanlık başlar.;öğrenci;kart-liste;;kesin;Yaz ve yeni hedef;"Yerleştirme sonuçları; YKS 2028 için yaz düzeni.";uzun gün (19:40);19:40;tatil;21:30;22:30;20:30;#yks2028 #yks #çalışmaplanı #planlıçalışma #eğitimkoçluğu;#yks2028 #yks #çalışmaplanı #planlıçalışma #keşfet;#yks2028 #çalışmaplanı #Shorts;;
2027-08-10;Sal;Ders Taktiği;Fizik;Optik;Aynada ışın çiz: en az iki ışın, her zaman.;öğrenci;soru-cozum;;kesin;Yaz ve yeni hedef;"Yerleştirme sonuçları; YKS 2028 için yaz düzeni.";uzun gün (19:39);19:39;tatil;21:30;22:30;20:30;#yks2028 #yks #fizik #tytkampı #eğitimkoçluğu;#yks2028 #yks #fizik #tytkampı #keşfet;#yks2028 #fizik #Shorts;;
2027-08-11;Çar;Aynı Hafta;;Program bozuldu;Misafir geldi, bütün günüm gitti.;öğrenci;yazisma;;kesin;Yaz ve yeni hedef;"Yerleştirme sonuçları; YKS 2028 için yaz düzeni.";uzun gün (19:38);19:38;tatil;21:30;22:30;20:30;#yks2028 #yks #yksmotivasyon #sınavkaygısı #eğitimkoçluğu;#yks2028 #yks #yksmotivasyon #sınavkaygısı #keşfet;#yks2028 #yksmotivasyon #Shorts;;
2027-08-12;Per;Veli Köşesi;;Bütçe;Pahalı kaynak değil, bitirilen kaynak kazandırır.;veli;kart-veli;;kesin;Yaz ve yeni hedef;"Yerleştirme sonuçları; YKS 2028 için yaz düzeni.";uzun gün (19:37);19:37;veli;21:00;20:30;20:00;#yks2028 #lgs #ebeveyn #mersin #eğitimkoçluğu;#yks2028 #lgs #ebeveyn #mersin #keşfet;#yks2028 #ebeveyn #Shorts;;
2027-08-13;Cum;Doğru Bilinen Yanlışlar;;Kaygı kötüdür;Biraz kaygı dikkati açar. Fazlası kapatır.;öğrenci;efsane-gercek;;kesin;Yaz ve yeni hedef;"Yerleştirme sonuçları; YKS 2028 için yaz düzeni.";uzun gün (19:36);19:36;tatil;21:30;22:30;20:30;#yks2028 #yks #çalışmayöntemleri #bilgi #eğitimkoçluğu;#yks2028 #yks #çalışmayöntemleri #bilgi #keşfet;#yks2028 #çalışmayöntemleri #Shorts;;
2027-08-14;Cmt;Deneme Günü;;Deneme notları;Denemeden sonra 3 cümle yaz: ne iyi, ne kötü, ne değişecek.;öğrenci;kart-liste;;kesin;Yaz ve yeni hedef;"Yerleştirme sonuçları; YKS 2028 için yaz düzeni.";uzun gün (19:35);19:35;tatil;21:30;22:30;20:30;#yks2028 #yks #tytdeneme #denemeanalizi #eğitimkoçluğu;#yks2028 #yks #tytdeneme #denemeanalizi #keşfet;#yks2028 #tytdeneme #Shorts;;
2027-08-15;Paz;Pazar Akşamı;;Sessiz akşam;Bu akşam sadece dinlen. Yarın başlarız.;öğrenci;tek-cumle;;kesin;Yaz ve yeni hedef;"Yerleştirme sonuçları; YKS 2028 için yaz düzeni.";uzun gün (19:33);19:33;tatil;21:30;22:30;20:30;#yks2028 #yks #pazarakşamı #yksmotivasyon #eğitimkoçluğu;#yks2028 #yks #pazarakşamı #yksmotivasyon #keşfet;#yks2028 #pazarakşamı #Shorts;;
2027-08-16;Pzt;Haftanın Planı;;Kopya plan;Başkasının planı sana uymaz. Onun saati senin saatin değil.;öğrenci;kart-liste;;kesin;Yaz ve yeni hedef;"Yerleştirme sonuçları; YKS 2028 için yaz düzeni.";uzun gün (19:32);19:32;tatil;21:30;22:30;20:30;#yks2028 #yks #planlıçalışma #zamanyönetimi #eğitimkoçluğu;#yks2028 #yks #planlıçalışma #zamanyönetimi #keşfet;#yks2028 #planlıçalışma #Shorts;;
2027-08-17;Sal;Ders Taktiği;Kimya;Organik adlandırma;En uzun zinciri bul, gerisi ek.;öğrenci;soru-cozum;;kesin;Yaz ve yeni hedef;"Yerleştirme sonuçları; YKS 2028 için yaz düzeni.";uzun gün (19:31);19:31;tatil;21:30;22:30;20:30;#yks2028 #yks #kimya #konuanlatımı #eğitimkoçluğu;#yks2028 #yks #kimya #konuanlatımı #keşfet;#yks2028 #kimya #Shorts;;
2027-08-18;Çar;Aynı Hafta;;İlk kez yükseldim;Hocam ilk kez 70 netin üstüne çıktım!;öğrenci;yazisma;;kesin;Yaz ve yeni hedef;"Yerleştirme sonuçları; YKS 2028 için yaz düzeni.";gün batımı 19:30;19:30;tatil;21:30;22:30;20:30;#yks2028 #yks #sınavkaygısı #öğrenci #eğitimkoçluğu;#yks2028 #yks #sınavkaygısı #öğrenci #keşfet;#yks2028 #sınavkaygısı #Shorts;;
2027-08-19;Per;Veli Köşesi;;Kıyafet ve sınav;Sınav günü rahat kıyafet, yanında su ve kimlik.;veli;kart-veli;;kesin;Yaz ve yeni hedef;"Yerleştirme sonuçları; YKS 2028 için yaz düzeni.";gün batımı 19:28;19:28;veli;21:00;20:30;20:00;#yks2028 #lgs #anneyiz #mersin #eğitimkoçluğu;#yks2028 #lgs #anneyiz #mersin #keşfet;#yks2028 #anneyiz #Shorts;;
2027-08-20;Cum;Doğru Bilinen Yanlışlar;;Deneme sonrası dinlenmek israf;Deneme sonrası analiz, deneme kadar önemli.;öğrenci;efsane-gercek;;kesin;Yaz ve yeni hedef;"Yerleştirme sonuçları; YKS 2028 için yaz düzeni.";gün batımı 19:27;19:27;tatil;21:30;22:30;20:30;#yks2028 #yks #bilgi #verimliçalışma #eğitimkoçluğu;#yks2028 #yks #bilgi #verimliçalışma #keşfet;#yks2028 #bilgi #Shorts;;
2027-08-21;Cmt;Deneme Günü;;Deneme bağımlılığı;Çok deneme çözüp analiz etmemek, hiç çözmemek gibi.;öğrenci;kart-liste;;kesin;Yaz ve yeni hedef;"Yerleştirme sonuçları; YKS 2028 için yaz düzeni.";gün batımı 19:26;19:26;tatil;21:30;22:30;20:30;#yks2028 #yks #denemeanalizi #türkiyegenelideneme #eğitimkoçluğu;#yks2028 #yks #denemeanalizi #türkiyegenelideneme #keşfet;#yks2028 #denemeanalizi #Shorts;;
2027-08-22;Paz;Pazar Akşamı;;Kaybettiğin günler;Kaybettiğin gün yok. Ders çıkardığın gün var.;öğrenci;tek-cumle;;kesin;Yaz ve yeni hedef;"Yerleştirme sonuçları; YKS 2028 için yaz düzeni.";gün batımı 19:24;19:24;tatil;21:30;22:30;20:30;#yks2028 #yks #yksmotivasyon #psikoloji #eğitimkoçluğu;#yks2028 #yks #yksmotivasyon #psikoloji #keşfet;#yks2028 #yksmotivasyon #Shorts;;
2027-08-23;Pzt;Haftanın Planı;;Günlük minimum;Kötü günün bile minimumu olsun: 20 soru.;öğrenci;kart-liste;;kesin;Yaz ve yeni hedef;"Yerleştirme sonuçları; YKS 2028 için yaz düzeni.";gün batımı 19:23;19:23;tatil;21:30;22:30;20:30;#yks2028 #yks #zamanyönetimi #dersprogramı #eğitimkoçluğu;#yks2028 #yks #zamanyönetimi #dersprogramı #keşfet;#yks2028 #zamanyönetimi #Shorts;;
2027-08-24;Sal;Ders Taktiği;Biyoloji;Ekoloji;Besin zincirinde enerji azalır, zehir artar.;öğrenci;soru-cozum;;kesin;Yaz ve yeni hedef;"Yerleştirme sonuçları; YKS 2028 için yaz düzeni.";gün batımı 19:22;19:22;tatil;21:30;22:30;20:30;#yks2028 #yks #biyoloji #sorubankası #eğitimkoçluğu;#yks2028 #yks #biyoloji #sorubankası #keşfet;#yks2028 #biyoloji #Shorts;;
2027-08-25;Çar;Aynı Hafta;;Kaç saat uyumalıyım;4 saat uyuyup çalışsam daha mı iyi?;öğrenci;yazisma;;kesin;Yaz ve yeni hedef;"Yerleştirme sonuçları; YKS 2028 için yaz düzeni.";gün batımı 19:20;19:20;tatil;21:30;22:30;20:30;#yks2028 #yks #öğrenci #öğrencihayatı #eğitimkoçluğu;#yks2028 #yks #öğrenci #öğrencihayatı #keşfet;#yks2028 #öğrenci #Shorts;;
2027-08-26;Per;Özel Gün;;Yerleştirme sonuçları;Sonuç ne olursa olsun, bir sonraki adım var.;herkes;tek-cumle;;tahmini;Yaz ve yeni hedef;"Yerleştirme sonuçları; YKS 2028 için yaz düzeni.";gün batımı 19:19;19:19;tatil;21:30;22:30;20:30;#yks2028 #yks #eğitim #mersin #eğitimkoçluğu;#yks2028 #yks #eğitim #mersin #keşfet;#yks2028 #eğitim #Shorts;;
2027-08-27;Cum;Doğru Bilinen Yanlışlar;;Plan esnek olmamalı;Hiç esnemeyen plan ilk hafta kırılır.;öğrenci;efsane-gercek;;kesin;Yaz ve yeni hedef;"Yerleştirme sonuçları; YKS 2028 için yaz düzeni.";gün batımı 19:18;19:18;tatil;21:30;22:30;20:30;#yks2028 #yks #verimliçalışma #dersçalışma #eğitimkoçluğu;#yks2028 #yks #verimliçalışma #dersçalışma #keşfet;#yks2028 #verimliçalışma #Shorts;;
2027-08-28;Cmt;Deneme Günü;;Kolaydan zora;Kolay soruları topla, zoru sona bırak.;öğrenci;kart-liste;;kesin;Yaz ve yeni hedef;"Yerleştirme sonuçları; YKS 2028 için yaz düzeni.";gün batımı 19:16;19:16;tatil;21:30;22:30;20:30;#yks2028 #yks #türkiyegenelideneme #denemesınavı #eğitimkoçluğu;#yks2028 #yks #türkiyegenelideneme #denemesınavı #keşfet;#yks2028 #türkiyegenelideneme #Shorts;;
2027-08-29;Paz;Pazar Akşamı;;Kendine mektup;Haziranda okuyacağın bir cümle yaz.;öğrenci;tek-cumle;;kesin;Yaz ve yeni hedef;"Yerleştirme sonuçları; YKS 2028 için yaz düzeni.";gün batımı 19:15;19:15;tatil;21:30;22:30;20:30;#yks2028 #yks #psikoloji #motivasyon #eğitimkoçluğu;#yks2028 #yks #psikoloji #motivasyon #keşfet;#yks2028 #psikoloji #Shorts;;
2027-08-30;Pzt;Özel Gün;;Zafer Bayramı;30 Ağustos Zafer Bayramı kutlu olsun.;herkes;tek-cumle;;kesin;Yaz ve yeni hedef;"Yerleştirme sonuçları; YKS 2028 için yaz düzeni.";gün batımı 19:13;19:13;tatil;21:30;22:30;20:30;#yks2028 #yks #öğrenci #yks #eğitimkoçluğu;#yks2028 #yks #öğrenci #yks #keşfet;#yks2028 #öğrenci #Shorts;;
2027-08-31;Sal;Ders Taktiği;AYT Matematik;Trigonometri;Birim çemberi ezberleme, her seferinde çiz.;öğrenci;soru-cozum;;kesin;Yaz ve yeni hedef;"Yerleştirme sonuçları; YKS 2028 için yaz düzeni.";gün batımı 19:12;19:12;tatil;21:30;22:30;20:30;#yks2028 #yks #matematik #soruçözümü #eğitimkoçluğu;#yks2028 #yks #matematik #soruçözümü #keşfet;#yks2028 #matematik #Shorts;;
2027-09-01;Çar;Aynı Hafta;;Soru atlamak;Takıldığım soruyu bırakamıyorum, 5 dakika uğraşıyorum.;öğrenci;yazisma;;kesin;Yeni başlangıç;Heves yüksek, plan kaygısı var. Düzen kurma zamanı.;gün batımı 19:11;19:11;tatil;21:30;22:30;20:30;#yks2028 #yks #öğrencihayatı #sınavstresi #eğitimkoçluğu;#yks2028 #yks #öğrencihayatı #sınavstresi #keşfet;#yks2028 #öğrencihayatı #Shorts;;
2027-09-02;Per;Veli Köşesi;;Anne–baba ortak dil;Anne bir şey, baba başka şey diyorsa çocuk kaybolur.;veli;kart-veli;;kesin;Yeni başlangıç;Heves yüksek, plan kaygısı var. Düzen kurma zamanı.;gün batımı 19:09;19:09;veli;21:00;20:30;20:00;#yks2028 #lgs #veli #mersin #eğitimkoçluğu;#yks2028 #lgs #veli #mersin #keşfet;#yks2028 #veli #Shorts;;
2027-09-03;Cum;Doğru Bilinen Yanlışlar;;Sadece çalışınca olur;Doğru çalışmak, çok çalışmaktan önce gelir.;öğrenci;efsane-gercek;;kesin;Yeni başlangıç;Heves yüksek, plan kaygısı var. Düzen kurma zamanı.;gün batımı 19:08;19:08;tatil;21:30;22:30;20:30;#yks2028 #yks #dersçalışma #doğrubilinenyanlışlar #eğitimkoçluğu;#yks2028 #yks #dersçalışma #doğrubilinenyanlışlar #keşfet;#yks2028 #dersçalışma #Shorts;;
2027-09-04;Cmt;Deneme Günü;;Deneme yorgunluğu;Deneme sonrası baş ağrısı: su içtin mi?;öğrenci;kart-liste;;kesin;Yeni başlangıç;Heves yüksek, plan kaygısı var. Düzen kurma zamanı.;gün batımı 19:06;19:06;tatil;21:30;22:30;20:30;#yks2028 #yks #denemesınavı #netartırma #eğitimkoçluğu;#yks2028 #yks #denemesınavı #netartırma #keşfet;#yks2028 #denemesınavı #Shorts;;
2027-09-05;Paz;Pazar Akşamı;;Yeni başlangıç;Her pazartesi yeni başlangıç değil. Devam.;öğrenci;tek-cumle;;kesin;Yeni başlangıç;Heves yüksek, plan kaygısı var. Düzen kurma zamanı.;gün batımı 19:05;19:05;tatil;21:30;22:30;20:30;#yks2028 #yks #motivasyon #sınavkaygısı #eğitimkoçluğu;#yks2028 #yks #motivasyon #sınavkaygısı #keşfet;#yks2028 #motivasyon #Shorts;;
2027-09-06;Pzt;Haftanın Planı;;Haftanın ölçüsü;Pazar akşamı sor: kaç iş vardı, kaçı bitti?;öğrenci;kart-liste;;kesin;Yeni başlangıç;Heves yüksek, plan kaygısı var. Düzen kurma zamanı.;gün batımı 19:03;19:03;tatil;21:30;22:30;20:30;#yks2028 #yks #verimliçalışma #çalışmaplanı #eğitimkoçluğu;#yks2028 #yks #verimliçalışma #çalışmaplanı #keşfet;#yks2028 #verimliçalışma #Shorts;;
2027-09-07;Sal;Ders Taktiği;LGS Fen;Basınç;Basınçta ilk soru: katı mı, sıvı mı, gaz mı?;öğrenci;soru-cozum;;kesin;Yeni başlangıç;Heves yüksek, plan kaygısı var. Düzen kurma zamanı.;gün batımı 19:02;19:02;tatil;21:30;22:30;20:30;#lgs2028 #lgs #fen #derstaktikleri #eğitimkoçluğu;#lgs2028 #lgs #fen #derstaktikleri #keşfet;#lgs2028 #fen #Shorts;;
2027-09-08;Çar;Aynı Hafta;;Aynı hata;Hep aynı yerde aynı hatayı yapıyorum.;öğrenci;yazisma;;kesin;Yeni başlangıç;Heves yüksek, plan kaygısı var. Düzen kurma zamanı.;gün batımı 19:00;19:00;tatil;21:30;22:30;20:30;#yks2028 #yks #sınavstresi #yksmotivasyon #eğitimkoçluğu;#yks2028 #yks #sınavstresi #yksmotivasyon #keşfet;#yks2028 #sınavstresi #Shorts;;
2027-09-09;Per;Veli Köşesi;;Sosyal medya;Çocuğunuzun takip ettiği ‘motivasyon’ hesapları ona iyi gelmiyor olabilir.;veli;kart-veli;;kesin;Yeni başlangıç;Heves yüksek, plan kaygısı var. Düzen kurma zamanı.;gün batımı 18:59;18:59;veli;21:00;20:30;20:00;#yks2028 #lgs #sınavyılı #mersin #eğitimkoçluğu;#yks2028 #lgs #sınavyılı #mersin #keşfet;#yks2028 #sınavyılı #Shorts;;
2027-09-10;Cum;Doğru Bilinen Yanlışlar;;Gürültü alışılır;Gürültüye alışırsın ama dikkatin alışmaz.;öğrenci;efsane-gercek;;kesin;Yeni başlangıç;Heves yüksek, plan kaygısı var. Düzen kurma zamanı.;gün batımı 18:57;18:57;tatil;21:30;22:30;20:30;#yks2028 #yks #doğrubilinenyanlışlar #çalışmayöntemleri #eğitimkoçluğu;#yks2028 #yks #doğrubilinenyanlışlar #çalışmayöntemleri #keşfet;#yks2028 #doğrubilinenyanlışlar #Shorts;;
2027-09-11;Cmt;Deneme Günü;;Tahmin stratejisi;Hiç fikrin yoksa boş bırak. İki şıkka indiysen işaretle.;öğrenci;kart-liste;;kesin;Yeni başlangıç;Heves yüksek, plan kaygısı var. Düzen kurma zamanı.;gün batımı 18:56;18:56;tatil;21:30;22:30;20:30;#yks2028 #yks #netartırma #tytdeneme #eğitimkoçluğu;#yks2028 #yks #netartırma #tytdeneme #keşfet;#yks2028 #netartırma #Shorts;;
2027-09-12;Paz;Pazar Akşamı;;Kontrol edebildiklerin;Soru zorluğunu değil, bugünü kontrol edebilirsin.;öğrenci;tek-cumle;;kesin;Yeni başlangıç;Heves yüksek, plan kaygısı var. Düzen kurma zamanı.;gün batımı 18:54;18:54;tatil;21:30;22:30;20:30;#yks2028 #yks #sınavkaygısı #pazarakşamı #eğitimkoçluğu;#yks2028 #yks #sınavkaygısı #pazarakşamı #keşfet;#yks2028 #sınavkaygısı #Shorts;;
2027-09-13;Pzt;Özel Gün;;Yeni ders yılı;Yeni yıl. YKS 2028 bugün başlıyor.;öğrenci;tek-cumle;;tahmini;Yeni başlangıç;Heves yüksek, plan kaygısı var. Düzen kurma zamanı.;gün batımı 18:53;18:53;okul;20:30;21:30;19:30;#yks2028 #yks #motivasyon #eğitim #eğitimkoçluğu;#yks2028 #yks #motivasyon #eğitim #keşfet;#yks2028 #motivasyon #Shorts;;
2027-09-14;Sal;Ders Taktiği;TYT Türkçe;Yazım kuralları;‘de’ ayrı mı bitişik mi? Çıkar, anlam bozulmuyorsa ayrı.;öğrenci;soru-cozum;;kesin;Yeni başlangıç;Heves yüksek, plan kaygısı var. Düzen kurma zamanı.;gün batımı 18:51;18:51;okul;20:30;21:30;19:30;#yks2028 #yks #türkçe #tytkampı #eğitimkoçluğu;#yks2028 #yks #türkçe #tytkampı #keşfet;#yks2028 #türkçe #Shorts;;
2027-09-15;Çar;Aynı Hafta;;Deneme bitmeden sıkılıyorum;Denemenin ortasında dikkatim dağılıyor.;öğrenci;yazisma;;kesin;Yeni başlangıç;Heves yüksek, plan kaygısı var. Düzen kurma zamanı.;gün batımı 18:50;18:50;okul;20:30;21:30;19:30;#yks2028 #yks #yksmotivasyon #sınavkaygısı #eğitimkoçluğu;#yks2028 #yks #yksmotivasyon #sınavkaygısı #keşfet;#yks2028 #yksmotivasyon #Shorts;;
2027-09-16;Per;Veli Köşesi;;Kaygılı veli;Sizin kaygınız çocuğunuza da bulaşıyor olabilir.;veli;kart-veli;;kesin;Yeni başlangıç;Heves yüksek, plan kaygısı var. Düzen kurma zamanı.;gün batımı 18:48;18:48;veli;21:00;20:30;20:00;#yks2028 #lgs #ebeveyn #mersin #eğitimkoçluğu;#yks2028 #lgs #ebeveyn #mersin #keşfet;#yks2028 #ebeveyn #Shorts;;
2027-09-17;Cum;Doğru Bilinen Yanlışlar;;Kitap okumak zaman kaybı;Paragrafın en iyi antrenmanı kitap.;öğrenci;efsane-gercek;;kesin;Yeni başlangıç;Heves yüksek, plan kaygısı var. Düzen kurma zamanı.;gün batımı 18:46;18:46;okul;20:30;21:30;19:30;#yks2028 #yks #çalışmayöntemleri #bilgi #eğitimkoçluğu;#yks2028 #yks #çalışmayöntemleri #bilgi #keşfet;#yks2028 #çalışmayöntemleri #Shorts;;
2027-09-18;Cmt;Deneme Günü;;Deneme sonrası uyku;Deneme günü erken yat. Beyin yorgun.;öğrenci;kart-liste;;kesin;Yeni başlangıç;Heves yüksek, plan kaygısı var. Düzen kurma zamanı.;gün batımı 18:45;18:45;cumartesi;13:00;14:30;12:30;#yks2028 #yks #tytdeneme #denemeanalizi #eğitimkoçluğu;#yks2028 #yks #tytdeneme #denemeanalizi #keşfet;#yks2028 #tytdeneme #Shorts;;
